,A_0,A_1,A_2,A_3,A_4,A_5,A_6,A_7,A_8,A_9,A_10,A_11,A_12,A_13,A_14,A_15,A_16,A_17,A_18,A_19,A_20,A_21,A_22,A_23,A_24,A_25,A_26,A_27,A_28,A_29,A_30,A_31,A_32,A_33,A_34,A_35,A_36,A_37,A_38,A_39,A_40,A_41,A_42,A_43,A_44,A_45,A_46,A_47,A_48,A_49,A_50,A_51,A_52,A_53,A_54,A_55,A_56,A_57,A_58,A_59,A_60,A_61,A_62,A_63,A_64,A_65,A_66,A_67,A_68,A_69,A_70,A_71,A_72,A_73,A_74,A_75,A_76,A_77,A_78,A_79,A_80,A_81,A_82,A_83,A_84,A_85,A_86,A_87,A_88,A_89,A_90,A_91,A_92,A_93,A_94,A_95,A_96,A_97,A_98,A_99,E_0,E_1,E_2,E_3,E_4,E_5,E_6,E_7,E_8,E_9,E_10,E_11,E_12,E_13,E_14,E_15,E_16,E_17,E_18,E_19,E_20,E_21,E_22,E_23,E_24,E_25,E_26,E_27,E_28,E_29,E_30,E_31,E_32,E_33,E_34,E_35,E_36,E_37,E_38,E_39,E_40,E_41,E_42,E_43,E_44,E_45,E_46,E_47,E_48,E_49,E_50,E_51,E_52,E_53,E_54,E_55,E_56,E_57,E_58,E_59,E_60,E_61,E_62,E_63,E_64,E_65,E_66,E_67,E_68,E_69,E_70,E_71,E_72,E_73,E_74,E_75,E_76,E_77,E_78,E_79,E_80,E_81,E_82,E_83,E_84,E_85,E_86,E_87,E_88,E_89,E_90,E_91,E_92,E_93,E_94,E_95,E_96,E_97,E_98,E_99,B_0,B_1,B_2,B_3,B_4,B_5,B_6,B_7,B_8,B_9,B_10,B_11,B_12,B_13,B_14,B_15,B_16,B_17,B_18,B_19,B_20,B_21,B_22,B_23,B_24,B_25,B_26,B_27,B_28,B_29,B_30,B_31,B_32,B_33,B_34,B_35,B_36,B_37,B_38,B_39,B_40,B_41,B_42,B_43,B_44,B_45,B_46,B_47,B_48,B_49,B_50,B_51,B_52,B_53,B_54,B_55,B_56,B_57,B_58,B_59,B_60,B_61,B_62,B_63,B_64,B_65,B_66,B_67,B_68,B_69,B_70,B_71,B_72,B_73,B_74,B_75,B_76,B_77,B_78,B_79,B_80,B_81,B_82,B_83,B_84,B_85,B_86,B_87,B_88,B_89,B_90,B_91,B_92,B_93,B_94,B_95,B_96,B_97,B_98,B_99,C_0,C_1,C_2,C_3,C_4,C_5,C_6,C_7,C_8,C_9,C_10,C_11,C_12,C_13,C_14,C_15,C_16,C_17,C_18,C_19,C_20,C_21,C_22,C_23,C_24,C_25,C_26,C_27,C_28,C_29,C_30,C_31,C_32,C_33,C_34,C_35,C_36,C_37,C_38,C_39,C_40,C_41,C_42,C_43,C_44,C_45,C_46,C_47,C_48,C_49,C_50,C_51,C_52,C_53,C_54,C_55,C_56,C_57,C_58,C_59,C_60,C_61,C_62,C_63,C_64,C_65,C_66,C_67,C_68,C_69,C_70,C_71,C_72,C_73,C_74,C_75,C_76,C_77,C_78,C_79,C_80,C_81,C_82,C_83,C_84,C_85,C_86,C_87,C_88,C_89,C_90,C_91,C_92,C_93,C_94,C_95,C_96,C_97,C_98,C_99,D_0,D_1,D_2,D_3,D_4,D_5,D_6,D_7,D_8,D_9,D_10,D_11,D_12,D_13,D_14,D_15,D_16,D_17,D_18,D_19,D_20,D_21,D_22,D_23,D_24,D_25,D_26,D_27,D_28,D_29,D_30,D_31,D_32,D_33,D_34,D_35,D_36,D_37,D_38,D_39,D_40,D_41,D_42,D_43,D_44,D_45,D_46,D_47,D_48,D_49,D_50,D_51,D_52,D_53,D_54,D_55,D_56,D_57,D_58,D_59,D_60,D_61,D_62,D_63,D_64,D_65,D_66,D_67,D_68,D_69,D_70,D_71,D_72,D_73,D_74,D_75,D_76,D_77,D_78,D_79,D_80,D_81,D_82,D_83,D_84,D_85,D_86,D_87,D_88,D_89,D_90,D_91,D_92,D_93,D_94,D_95,D_96,D_97,D_98,D_99
83,4,4,4,4,4,4,6,4,4,4,4,4,4,4,6,4,4,4,4,4,6,4,4,4,4,4,4,4,4,4,4,4,4,4,6,4,4,4,4,4,4,4,4,4,4,4,4,4,4,4,4,4,4,4,4,4,4,4,4,4,4,4,4,4,4,4,4,4,4,4,4,4,4,4,4,4,4,4,6,4,4,4,4,4,4,4,4,4,4,4,4,4,10,4,4,4,4,4,4,4,,,,,,,,,,,,,,,,,,,,,,,,,,,,,,,,,,,,,,,,,,,,,,,,,,,,,,,,,,,,,,,,,,,,,,,,,,,,,,,,,,,,,,,,,,,,,,,,,,,,,,,,,,,,,,,,,,,,,,,,,,,,,,,,,,,,,,,,,,,,,,,,,,,,,,,,,,,,,,,,,,,,,,,,,,,,,,,,,,,,,,,,,,,,,,,,,,,,,,,,,,,,,,,,,,,,,,,,,,,,,,,,,,,,,,,,,,,,,,,,,,,,,,,,,,,,,,,,,,,,,,,,,,,,,,,,,,,,,,,,,,,,,,,,,,,,,,,,,,,,,,,,,,,,,,,,,,,,,,,,,,,,,,,,,,,,,,,,,,,,,,,,,,,,,,,,,,,,,,,,,,,,,,,,,,,,,,,,,,,,,,,,,,,,,,,,,,,,,,,,
67,4,4,4,4,4,4,4,4,4,6,4,4,4,6,6,4,4,4,4,4,4,7,4,4,4,4,4,4,4,4,4,4,4,4,4,4,4,4,4,4,4,4,4,4,10,4,4,6,7,4,4,6,6,4,4,6,4,4,4,4,4,4,4,4,4,4,4,4,4,4,4,4,4,4,4,4,4,4,4,4,4,4,4,4,4,4,4,4,4,7,4,4,4,4,4,4,4,4,4,4,,,,,,,,,,,,,,,,,,,,,,,,,,,,,,,,,,,,,,,,,,,,,,,,,,,,,,,,,,,,,,,,,,,,,,,,,,,,,,,,,,,,,,,,,,,,,,,,,,,,,5.0,5.0,5.0,5.0,9.0,5.0,5.0,5.0,5.0,5.0,5.0,5.0,5.0,7.0,5.0,5.0,5.0,5.0,5.0,5.0,5.0,5.0,9.0,5.0,5.0,5.0,5.0,5.0,5.0,6.0,5.0,5.0,5.0,5.0,5.0,5.0,5.0,5.0,5.0,5.0,5.0,5.0,5.0,5.0,5.0,5.0,5.0,5.0,5.0,7.0,7.0,5.0,5.0,5.0,5.0,5.0,5.0,5.0,5.0,5.0,5.0,6.0,5.0,5.0,5.0,5.0,5.0,5.0,5.0,5.0,6.0,5.0,7.0,7.0,5.0,5.0,5.0,5.0,5.0,5.0,5.0,5.0,5.0,5.0,5.0,7.0,5.0,5.0,5.0,7.0,6.0,5.0,5.0,5.0,5.0,5.0,5.0,5.0,5.0,5.0,5.0,5.0,5.0,5.0,5.0,5.0,5.0,9.0,6.0,5.0,5.0,5.0,5.0,5.0,5.0,5.0,6.0,5.0,5.0,5.0,6.0,7.0,7.0,5.0,5.0,5.0,5.0,5.0,5.0,5.0,6.0,5.0,5.0,5.0,5.0,5.0,5.0,5.0,5.0,5.0,5.0,5.0,5.0,7.0,5.0,5.0,5.0,5.0,5.0,6.0,5.0,5.0,7.0,7.0,5.0,5.0,5.0,7.0,5.0,7.0,5.0,5.0,5.0,5.0,5.0,5.0,5.0,5.0,5.0,6.0,5.0,5.0,5.0,5.0,5.0,5.0,5.0,5.0,5.0,5.0,5.0,5.0,5.0,5.0,7.0,7.0,5.0,5.0,7.0,7.0,5.0,7.0,5.0,6.0,5.0,5.0,5.0,5.0,5.0,5.0,,,,,,,,,,,,,,,,,,,,,,,,,,,,,,,,,,,,,,,,,,,,,,,,,,,,,,,,,,,,,,,,,,,,,,,,,,,,,,,,,,,,,,,,,,,,,,,,,,,,
50,4,5,4,4,6,4,5,6,4,4,4,6,4,4,4,6,4,4,4,4,4,4,4,4,5,4,4,4,4,4,4,4,4,4,4,4,4,4,4,4,4,6,4,4,6,4,4,4,4,4,4,4,4,4,6,4,4,4,4,4,4,4,4,4,4,6,4,4,4,4,4,4,4,4,4,4,4,4,4,6,4,5,6,4,4,4,4,6,6,4,4,4,4,4,4,4,4,4,4,6,6.0,6.0,6.0,6.0,8.0,6.0,8.0,8.0,6.0,6.0,6.0,6.0,6.0,8.0,6.0,6.0,8.0,6.0,6.0,6.0,6.0,6.0,6.0,9.0,6.0,8.0,6.0,8.0,8.0,6.0,6.0,6.0,6.0,6.0,6.0,6.0,8.0,6.0,6.0,6.0,6.0,6.0,6.0,6.0,6.0,6.0,6.0,6.0,8.0,8.0,6.0,6.0,6.0,6.0,6.0,6.0,8.0,6.0,6.0,6.0,6.0,6.0,6.0,6.0,8.0,6.0,6.0,6.0,6.0,8.0,6.0,6.0,6.0,9.0,6.0,6.0,6.0,6.0,6.0,6.0,6.0,6.0,6.0,6.0,6.0,6.0,6.0,6.0,6.0,6.0,6.0,6.0,6.0,6.0,6.0,6.0,6.0,8.0,6.0,6.0,7.0,5.0,5.0,5.0,8.0,5.0,5.0,5.0,5.0,5.0,5.0,5.0,5.0,5.0,5.0,5.0,5.0,5.0,5.0,5.0,5.0,7.0,5.0,5.0,5.0,5.0,5.0,5.0,5.0,5.0,5.0,5.0,5.0,5.0,7.0,5.0,5.0,5.0,5.0,5.0,5.0,5.0,5.0,5.0,5.0,7.0,5.0,5.0,5.0,5.0,5.0,5.0,5.0,5.0,5.0,5.0,6.0,5.0,5.0,5.0,5.0,5.0,7.0,5.0,5.0,5.0,5.0,5.0,5.0,5.0,5.0,5.0,6.0,5.0,5.0,5.0,5.0,7.0,9.0,7.0,5.0,5.0,5.0,5.0,7.0,7.0,5.0,5.0,5.0,5.0,5.0,6.0,5.0,5.0,6.0,5.0,5.0,5.0,7.0,5.0,5.0,5.0,5.0,5.0,5.0,5.0,5.0,5.0,5.0,5.0,6.0,7.0,5.0,6.0,5.0,7.0,5.0,5.0,5.0,5.0,5.0,7.0,5.0,5.0,5.0,5.0,5.0,5.0,5.0,5.0,5.0,5.0,5.0,5.0,5.0,5.0,5.0,5.0,6.0,5.0,7.0,5.0,5.0,5.0,5.0,5.0,5.0,5.0,5.0,5.0,5.0,5.0,5.0,5.0,5.0,5.0,5.0,5.0,5.0,5.0,5.0,7.0,5.0,5.0,5.0,5.0,5.0,5.0,5.0,5.0,7.0,5.0,5.0,6.0,5.0,5.0,5.0,5.0,5.0,5.0,5.0,5.0,5.0,5.0,5.0,5.0,5.0,5.0,5.0,6.0,7.0,5.0,5.0,5.0,5.0,5.0,5.0,5.0,5.0,5.0,6.0,6.0,6.0,6.0,6.0,6.0,6.0,6.0,6.0,8.0,12.0,6.0,6.0,6.0,8.0,8.0,6.0,6.0,6.0,6.0,6.0,6.0,6.0,6.0,6.0,6.0,6.0,8.0,6.0,6.0,6.0,8.0,6.0,6.0,6.0,6.0,6.0,6.0,6.0,6.0,6.0,6.0,6.0,6.0,6.0,9.0,6.0,6.0,6.0,6.0,6.0,6.0,6.0,6.0,6.0,6.0,6.0,6.0,6.0,6.0,6.0,7.0,6.0,6.0,8.0,6.0,8.0,6.0,6.0,6.0,6.0,6.0,6.0,6.0,6.0,8.0,6.0,6.0,8.0,8.0,6.0,6.0,6.0,6.0,6.0,6.0,6.0,8.0,6.0,6.0,8.0,6.0,8.0,6.0,6.0,8.0,6.0,6.0,6.0,6.0
70,4,4,4,4,4,4,4,4,4,4,4,4,4,5,4,4,6,4,4,4,4,4,4,4,4,4,4,4,4,6,4,8,4,4,4,4,4,4,4,6,4,4,4,4,4,4,4,4,4,5,6,4,6,4,4,4,4,4,6,4,4,4,4,4,4,6,6,6,4,4,4,4,4,4,4,6,4,4,4,4,4,4,4,6,4,4,4,4,8,6,6,4,4,4,4,8,6,4,4,4,,,,,,,,,,,,,,,,,,,,,,,,,,,,,,,,,,,,,,,,,,,,,,,,,,,,,,,,,,,,,,,,,,,,,,,,,,,,,,,,,,,,,,,,,,,,,,,,,,,,,5.0,7.0,5.0,7.0,5.0,5.0,5.0,5.0,5.0,5.0,5.0,5.0,5.0,5.0,5.0,5.0,5.0,5.0,5.0,8.0,8.0,5.0,5.0,5.0,5.0,7.0,7.0,5.0,5.0,5.0,5.0,5.0,5.0,5.0,5.0,5.0,5.0,5.0,8.0,5.0,7.0,5.0,5.0,5.0,5.0,5.0,5.0,7.0,5.0,5.0,5.0,5.0,5.0,5.0,8.0,5.0,5.0,7.0,5.0,5.0,5.0,5.0,5.0,7.0,5.0,5.0,5.0,5.0,5.0,7.0,5.0,7.0,5.0,5.0,10.0,7.0,5.0,5.0,5.0,5.0,5.0,5.0,5.0,5.0,5.0,7.0,5.0,5.0,5.0,5.0,7.0,5.0,5.0,5.0,5.0,5.0,5.0,5.0,5.0,7.0,7.0,5.0,5.0,5.0,5.0,5.0,5.0,5.0,5.0,5.0,5.0,5.0,5.0,5.0,5.0,5.0,6.0,5.0,5.0,5.0,9.0,5.0,5.0,5.0,5.0,5.0,5.0,5.0,5.0,10.0,5.0,5.0,5.0,5.0,5.0,6.0,5.0,9.0,5.0,6.0,5.0,5.0,5.0,5.0,5.0,5.0,5.0,5.0,5.0,5.0,5.0,5.0,5.0,5.0,5.0,5.0,5.0,5.0,5.0,7.0,5.0,5.0,5.0,5.0,5.0,5.0,5.0,5.0,7.0,5.0,5.0,5.0,5.0,5.0,5.0,5.0,5.0,5.0,5.0,5.0,5.0,5.0,6.0,7.0,5.0,5.0,5.0,5.0,5.0,5.0,5.0,5.0,7.0,5.0,5.0,6.0,5.0,5.0,7.0,5.0,,,,,,,,,,,,,,,,,,,,,,,,,,,,,,,,,,,,,,,,,,,,,,,,,,,,,,,,,,,,,,,,,,,,,,,,,,,,,,,,,,,,,,,,,,,,,,,,,,,,
69,4,4,6,4,4,4,4,4,4,5,4,4,4,4,4,4,4,4,6,4,4,4,4,4,4,4,4,4,4,4,4,4,4,4,6,4,4,6,4,6,4,4,6,4,4,6,4,4,4,4,4,4,5,4,4,4,4,4,4,6,4,4,4,4,4,4,4,6,4,4,6,4,4,4,4,4,4,4,4,4,4,4,4,4,4,4,4,4,4,4,4,6,4,4,4,6,4,6,4,4,,,,,,,,,,,,,,,,,,,,,,,,,,,,,,,,,,,,,,,,,,,,,,,,,,,,,,,,,,,,,,,,,,,,,,,,,,,,,,,,,,,,,,,,,,,,,,,,,,,,,5.0,5.0,5.0,7.0,5.0,5.0,5.0,5.0,5.0,5.0,5.0,5.0,7.0,5.0,5.0,5.0,5.0,5.0,5.0,5.0,5.0,5.0,5.0,7.0,5.0,5.0,8.0,5.0,6.0,5.0,7.0,5.0,5.0,5.0,5.0,5.0,5.0,5.0,5.0,5.0,5.0,5.0,5.0,5.0,7.0,7.0,5.0,5.0,5.0,5.0,5.0,8.0,5.0,5.0,5.0,5.0,5.0,5.0,5.0,5.0,5.0,5.0,5.0,5.0,5.0,5.0,5.0,5.0,5.0,5.0,9.0,7.0,5.0,7.0,8.0,5.0,5.0,5.0,5.0,7.0,7.0,5.0,5.0,5.0,5.0,7.0,5.0,5.0,5.0,5.0,5.0,7.0,9.0,5.0,7.0,5.0,5.0,7.0,5.0,5.0,7.0,5.0,5.0,5.0,5.0,5.0,5.0,5.0,5.0,5.0,5.0,5.0,5.0,5.0,5.0,5.0,5.0,5.0,7.0,5.0,5.0,7.0,5.0,5.0,5.0,5.0,5.0,5.0,7.0,5.0,5.0,5.0,5.0,5.0,5.0,5.0,5.0,5.0,7.0,5.0,5.0,7.0,5.0,6.0,5.0,5.0,7.0,5.0,5.0,7.0,5.0,5.0,5.0,5.0,5.0,5.0,5.0,5.0,7.0,7.0,5.0,5.0,5.0,5.0,5.0,5.0,5.0,5.0,5.0,5.0,6.0,5.0,7.0,5.0,5.0,5.0,5.0,7.0,5.0,5.0,5.0,5.0,5.0,7.0,5.0,5.0,5.0,5.0,6.0,5.0,5.0,5.0,5.0,5.0,5.0,5.0,5.0,5.0,5.0,7.0,,,,,,,,,,,,,,,,,,,,,,,,,,,,,,,,,,,,,,,,,,,,,,,,,,,,,,,,,,,,,,,,,,,,,,,,,,,,,,,,,,,,,,,,,,,,,,,,,,,,
80,4,4,4,4,4,5,4,4,4,4,4,4,4,4,4,4,6,4,4,4,4,4,4,6,4,4,4,4,4,4,4,4,4,4,4,4,4,4,4,4,4,4,4,4,4,4,4,4,4,4,6,4,4,4,4,4,4,4,4,4,4,4,4,4,4,4,4,4,4,4,4,4,4,4,4,4,4,4,6,4,6,4,4,4,4,4,4,4,8,4,4,4,4,4,4,4,4,4,4,4,,,,,,,,,,,,,,,,,,,,,,,,,,,,,,,,,,,,,,,,,,,,,,,,,,,,,,,,,,,,,,,,,,,,,,,,,,,,,,,,,,,,,,,,,,,,,,,,,,,,,,,,,,,,,,,,,,,,,,,,,,,,,,,,,,,,,,,,,,,,,,,,,,,,,,,,,,,,,,,,,,,,,,,,,,,,,,,,,,,,,,,,,,,,,,,,,,,,,,,,,,,,,,,,,,,,,,,,,,,,,,,,,,,,,,,,,,,,,,,,,,,,,,,,,,,,,,,,,,,,,,,,,,,,,,,,,,,,,,,,,,,,,,,,,,,,,,,,,,,,,,,,,,,,,,,,,,,,,,,,,,,,,,,,,,,,,,,,,,,,,,,,,,,,,,,,,,,,,,,,,,,,,,,,,,,,,,,,,,,,,,,,,,,,,,,,,,,,,,,,
64,4,4,4,8,4,4,4,4,4,4,4,4,4,4,4,4,4,4,4,4,4,4,4,4,4,4,4,6,4,4,4,4,4,4,4,4,4,4,4,4,4,4,6,4,4,4,4,4,4,4,4,4,4,4,4,6,4,4,6,6,4,4,4,4,4,4,4,4,4,4,6,4,4,4,4,6,4,4,4,4,4,9,6,6,4,4,4,4,4,4,4,4,4,4,4,4,4,4,4,4,,,,,,,,,,,,,,,,,,,,,,,,,,,,,,,,,,,,,,,,,,,,,,,,,,,,,,,,,,,,,,,,,,,,,,,,,,,,,,,,,,,,,,,,,,,,,,,,,,,,,5.0,5.0,6.0,5.0,5.0,5.0,5.0,5.0,5.0,5.0,5.0,5.0,5.0,5.0,5.0,5.0,5.0,5.0,5.0,5.0,5.0,5.0,5.0,5.0,5.0,7.0,5.0,5.0,5.0,5.0,9.0,5.0,5.0,5.0,5.0,5.0,5.0,5.0,5.0,5.0,7.0,5.0,5.0,5.0,8.0,5.0,5.0,5.0,5.0,5.0,5.0,5.0,5.0,5.0,5.0,5.0,7.0,7.0,5.0,5.0,5.0,5.0,5.0,5.0,7.0,5.0,5.0,5.0,5.0,5.0,5.0,5.0,5.0,5.0,5.0,5.0,5.0,5.0,5.0,5.0,5.0,6.0,5.0,5.0,5.0,5.0,7.0,5.0,5.0,5.0,5.0,5.0,5.0,5.0,5.0,5.0,5.0,5.0,5.0,5.0,5.0,8.0,5.0,5.0,5.0,5.0,7.0,5.0,5.0,5.0,5.0,7.0,5.0,5.0,5.0,5.0,5.0,5.0,9.0,5.0,7.0,7.0,5.0,5.0,5.0,5.0,5.0,5.0,5.0,5.0,5.0,5.0,7.0,5.0,5.0,5.0,5.0,5.0,5.0,5.0,5.0,5.0,5.0,5.0,5.0,5.0,5.0,5.0,5.0,5.0,5.0,5.0,5.0,5.0,5.0,5.0,5.0,5.0,5.0,5.0,5.0,5.0,9.0,5.0,5.0,7.0,5.0,7.0,5.0,5.0,5.0,5.0,5.0,5.0,7.0,5.0,5.0,6.0,5.0,5.0,5.0,5.0,5.0,5.0,5.0,5.0,5.0,5.0,5.0,5.0,7.0,5.0,5.0,5.0,5.0,7.0,5.0,5.0,5.0,5.0,6.0,6.0,6.0,6.0,6.0,6.0,7.0,8.0,8.0,6.0,6.0,6.0,6.0,6.0,6.0,6.0,6.0,6.0,6.0,6.0,8.0,6.0,8.0,6.0,6.0,6.0,6.0,8.0,6.0,6.0,6.0,6.0,6.0,6.0,6.0,6.0,6.0,8.0,6.0,6.0,6.0,6.0,6.0,7.0,6.0,6.0,6.0,6.0,6.0,6.0,7.0,6.0,6.0,8.0,6.0,6.0,6.0,6.0,6.0,6.0,6.0,6.0,6.0,6.0,6.0,6.0,6.0,10.0,8.0,6.0,8.0,6.0,6.0,8.0,6.0,6.0,6.0,6.0,6.0,8.0,6.0,6.0,6.0,6.0,6.0,6.0,6.0,6.0,7.0,6.0,6.0,6.0,6.0,6.0,6.0,6.0,6.0,6.0,6.0,6.0
73,5,4,4,4,4,4,6,6,4,4,4,4,4,4,4,4,4,4,4,6,4,4,4,4,4,4,4,4,4,4,4,4,4,4,6,8,4,6,4,4,4,4,4,4,4,4,4,4,4,4,4,4,4,4,4,4,4,4,4,4,4,4,4,4,8,4,4,4,4,4,6,4,4,4,4,4,4,6,4,6,4,4,4,4,4,4,4,4,4,4,4,4,4,5,4,4,4,4,6,6,,,,,,,,,,,,,,,,,,,,,,,,,,,,,,,,,,,,,,,,,,,,,,,,,,,,,,,,,,,,,,,,,,,,,,,,,,,,,,,,,,,,,,,,,,,,,,,,,,,,,5.0,5.0,5.0,5.0,9.0,7.0,7.0,5.0,7.0,5.0,5.0,5.0,5.0,5.0,5.0,5.0,5.0,6.0,5.0,7.0,7.0,5.0,5.0,5.0,5.0,5.0,5.0,5.0,5.0,7.0,5.0,7.0,5.0,7.0,6.0,5.0,5.0,5.0,5.0,5.0,5.0,5.0,5.0,5.0,5.0,5.0,5.0,5.0,7.0,5.0,5.0,5.0,5.0,5.0,5.0,5.0,5.0,5.0,5.0,5.0,5.0,5.0,5.0,5.0,5.0,5.0,5.0,5.0,5.0,5.0,5.0,5.0,5.0,5.0,5.0,5.0,5.0,5.0,5.0,5.0,5.0,5.0,5.0,5.0,5.0,5.0,5.0,5.0,5.0,6.0,6.0,5.0,5.0,5.0,5.0,5.0,5.0,5.0,5.0,5.0,5.0,7.0,5.0,5.0,5.0,5.0,5.0,5.0,5.0,7.0,8.0,11.0,5.0,6.0,5.0,5.0,5.0,5.0,5.0,5.0,5.0,5.0,5.0,5.0,5.0,6.0,7.0,7.0,8.0,5.0,5.0,6.0,7.0,5.0,5.0,5.0,5.0,5.0,5.0,5.0,7.0,5.0,5.0,5.0,7.0,5.0,5.0,5.0,5.0,5.0,5.0,7.0,5.0,5.0,5.0,5.0,5.0,5.0,5.0,5.0,5.0,5.0,5.0,5.0,5.0,5.0,7.0,5.0,5.0,6.0,5.0,5.0,5.0,7.0,5.0,5.0,5.0,5.0,5.0,5.0,7.0,5.0,5.0,5.0,5.0,5.0,7.0,5.0,5.0,5.0,5.0,5.0,5.0,5.0,5.0,5.0,5.0,5.0,5.0,5.0,,,,,,,,,,,,,,,,,,,,,,,,,,,,,,,,,,,,,,,,,,,,,,,,,,,,,,,,,,,,,,,,,,,,,,,,,,,,,,,,,,,,,,,,,,,,,,,,,,,,
53,4,4,4,4,4,4,4,4,4,4,4,4,4,4,4,4,4,4,4,6,4,4,4,4,4,4,4,4,4,6,4,5,4,4,6,4,4,4,4,4,4,4,4,4,4,4,4,4,4,4,4,4,4,4,4,4,4,4,4,4,4,6,4,4,4,4,4,4,4,4,4,4,4,4,6,4,4,6,4,4,4,4,4,4,4,4,4,4,4,4,4,4,4,4,4,4,4,4,4,4,8.0,6.0,6.0,6.0,6.0,6.0,6.0,6.0,6.0,6.0,6.0,6.0,6.0,6.0,6.0,6.0,6.0,6.0,6.0,6.0,6.0,6.0,6.0,6.0,6.0,6.0,6.0,8.0,8.0,6.0,6.0,6.0,6.0,6.0,6.0,8.0,6.0,8.0,6.0,6.0,6.0,6.0,6.0,6.0,7.0,6.0,6.0,6.0,6.0,6.0,8.0,6.0,6.0,8.0,6.0,6.0,7.0,6.0,6.0,6.0,6.0,6.0,6.0,6.0,6.0,6.0,8.0,6.0,6.0,6.0,6.0,6.0,6.0,10.0,6.0,8.0,6.0,6.0,12.0,6.0,6.0,6.0,6.0,6.0,6.0,6.0,6.0,6.0,6.0,6.0,6.0,6.0,6.0,6.0,6.0,7.0,8.0,6.0,6.0,6.0,9.0,5.0,5.0,5.0,5.0,8.0,5.0,5.0,5.0,5.0,5.0,5.0,5.0,5.0,5.0,5.0,5.0,5.0,5.0,8.0,5.0,5.0,5.0,10.0,5.0,5.0,5.0,5.0,5.0,5.0,8.0,5.0,5.0,5.0,8.0,5.0,5.0,5.0,5.0,5.0,5.0,5.0,5.0,5.0,5.0,5.0,5.0,5.0,5.0,5.0,5.0,5.0,5.0,5.0,5.0,5.0,5.0,5.0,5.0,7.0,5.0,5.0,5.0,5.0,5.0,7.0,5.0,5.0,5.0,7.0,5.0,5.0,5.0,7.0,5.0,5.0,5.0,5.0,5.0,5.0,5.0,5.0,5.0,7.0,7.0,10.0,5.0,5.0,5.0,5.0,5.0,5.0,5.0,7.0,5.0,5.0,8.0,5.0,5.0,5.0,5.0,5.0,5.0,5.0,5.0,5.0,5.0,5.0,5.0,5.0,5.0,7.0,5.0,7.0,5.0,5.0,5.0,5.0,5.0,5.0,5.0,5.0,5.0,5.0,5.0,7.0,6.0,5.0,5.0,5.0,5.0,5.0,5.0,5.0,5.0,5.0,5.0,5.0,5.0,9.0,5.0,5.0,5.0,5.0,5.0,5.0,7.0,5.0,5.0,5.0,5.0,5.0,5.0,5.0,5.0,5.0,5.0,7.0,5.0,5.0,5.0,5.0,5.0,5.0,5.0,5.0,5.0,5.0,5.0,5.0,5.0,5.0,5.0,5.0,5.0,5.0,5.0,5.0,7.0,5.0,5.0,5.0,5.0,5.0,5.0,5.0,5.0,5.0,5.0,5.0,5.0,5.0,5.0,5.0,5.0,5.0,5.0,5.0,5.0,5.0,6.0,6.0,6.0,6.0,7.0,6.0,6.0,6.0,6.0,6.0,6.0,6.0,6.0,6.0,6.0,6.0,6.0,6.0,6.0,6.0,8.0,8.0,6.0,6.0,6.0,8.0,6.0,6.0,6.0,6.0,6.0,6.0,6.0,6.0,6.0,6.0,6.0,8.0,6.0,6.0,7.0,6.0,8.0,6.0,6.0,6.0,6.0,6.0,10.0,6.0,7.0,6.0,6.0,8.0,8.0,6.0,6.0,6.0,12.0,6.0,7.0,6.0,6.0,6.0,6.0,6.0,6.0,6.0,10.0,6.0,6.0,6.0,6.0,6.0,6.0,6.0,6.0,8.0,6.0,6.0,6.0,6.0,6.0,6.0,6.0,6.0,6.0,8.0,6.0,6.0,6.0,6.0,6.0,11.0,6.0,6.0,8.0,6.0,6.0,8.0
52,4,4,8,4,8,6,4,4,4,4,4,4,4,4,4,4,4,4,4,4,6,4,4,4,4,4,4,4,4,4,4,4,6,4,6,4,4,4,4,4,4,6,4,4,4,4,4,4,4,4,4,4,4,5,4,4,6,4,4,6,4,4,5,4,4,4,4,4,4,4,4,4,4,4,4,4,4,4,4,6,4,4,4,4,4,6,4,4,4,4,4,4,4,4,4,4,4,4,4,8,6.0,6.0,6.0,6.0,6.0,6.0,6.0,11.0,11.0,6.0,6.0,8.0,11.0,6.0,6.0,6.0,6.0,6.0,6.0,6.0,6.0,6.0,6.0,6.0,6.0,6.0,6.0,8.0,6.0,8.0,6.0,10.0,6.0,6.0,10.0,6.0,6.0,6.0,6.0,9.0,6.0,6.0,7.0,6.0,6.0,6.0,8.0,6.0,6.0,10.0,8.0,6.0,6.0,6.0,6.0,8.0,6.0,8.0,6.0,10.0,8.0,8.0,6.0,8.0,6.0,6.0,6.0,6.0,6.0,6.0,6.0,6.0,11.0,6.0,8.0,6.0,8.0,6.0,6.0,7.0,6.0,6.0,6.0,6.0,6.0,6.0,8.0,6.0,8.0,6.0,6.0,6.0,6.0,6.0,8.0,6.0,7.0,6.0,6.0,8.0,7.0,5.0,5.0,5.0,5.0,5.0,5.0,5.0,5.0,5.0,5.0,7.0,5.0,5.0,9.0,5.0,5.0,5.0,5.0,5.0,7.0,5.0,5.0,9.0,5.0,5.0,5.0,5.0,5.0,5.0,5.0,5.0,5.0,5.0,5.0,5.0,5.0,5.0,5.0,5.0,5.0,5.0,7.0,5.0,5.0,5.0,5.0,5.0,5.0,8.0,5.0,5.0,5.0,5.0,5.0,5.0,5.0,5.0,5.0,5.0,5.0,5.0,5.0,7.0,7.0,5.0,5.0,5.0,5.0,5.0,5.0,5.0,7.0,5.0,5.0,7.0,5.0,7.0,5.0,5.0,5.0,5.0,5.0,7.0,6.0,5.0,5.0,5.0,8.0,5.0,5.0,5.0,5.0,5.0,5.0,5.0,5.0,7.0,7.0,5.0,5.0,5.0,5.0,5.0,5.0,6.0,5.0,5.0,7.0,5.0,5.0,5.0,7.0,7.0,5.0,5.0,5.0,7.0,5.0,5.0,5.0,5.0,7.0,5.0,5.0,7.0,7.0,5.0,5.0,5.0,5.0,5.0,5.0,5.0,5.0,5.0,7.0,5.0,7.0,5.0,5.0,5.0,5.0,5.0,5.0,5.0,5.0,5.0,5.0,5.0,5.0,5.0,5.0,5.0,5.0,5.0,5.0,5.0,5.0,5.0,5.0,5.0,5.0,5.0,5.0,5.0,5.0,5.0,5.0,5.0,5.0,5.0,5.0,5.0,5.0,5.0,5.0,5.0,9.0,5.0,6.0,5.0,5.0,5.0,5.0,5.0,5.0,5.0,7.0,5.0,5.0,8.0,5.0,5.0,7.0,5.0,5.0,5.0,5.0,5.0,6.0,6.0,6.0,8.0,6.0,6.0,6.0,8.0,6.0,6.0,6.0,6.0,6.0,8.0,6.0,6.0,6.0,6.0,6.0,6.0,6.0,6.0,6.0,6.0,6.0,6.0,6.0,6.0,8.0,6.0,6.0,7.0,6.0,11.0,6.0,6.0,6.0,6.0,6.0,6.0,6.0,6.0,6.0,6.0,8.0,8.0,6.0,7.0,6.0,6.0,6.0,6.0,6.0,6.0,6.0,6.0,6.0,6.0,6.0,6.0,6.0,6.0,8.0,6.0,6.0,6.0,6.0,6.0,6.0,6.0,6.0,6.0,6.0,6.0,8.0,6.0,6.0,6.0,6.0,10.0,6.0,6.0,6.0,6.0,8.0,6.0,8.0,6.0,6.0,6.0,6.0,6.0,6.0,9.0,6.0,6.0,6.0,6.0,6.0,6.0
72,4,4,4,4,4,4,4,4,4,6,4,6,4,4,4,6,4,6,4,10,4,4,4,4,4,4,4,4,4,4,4,4,4,4,4,4,4,4,4,4,4,4,4,4,6,5,4,9,4,4,6,6,4,4,7,4,4,4,4,4,4,4,6,4,8,4,4,6,4,4,4,4,4,4,4,4,4,4,4,5,4,6,6,4,4,4,4,4,4,4,4,4,4,4,4,4,4,4,4,4,,,,,,,,,,,,,,,,,,,,,,,,,,,,,,,,,,,,,,,,,,,,,,,,,,,,,,,,,,,,,,,,,,,,,,,,,,,,,,,,,,,,,,,,,,,,,,,,,,,,,5.0,5.0,5.0,7.0,7.0,7.0,5.0,5.0,9.0,6.0,5.0,5.0,5.0,6.0,5.0,5.0,7.0,5.0,5.0,7.0,5.0,5.0,5.0,5.0,5.0,5.0,5.0,5.0,5.0,6.0,7.0,5.0,7.0,5.0,5.0,6.0,5.0,5.0,5.0,7.0,5.0,7.0,5.0,5.0,5.0,5.0,7.0,5.0,5.0,5.0,5.0,5.0,5.0,5.0,5.0,5.0,5.0,5.0,5.0,5.0,5.0,5.0,5.0,5.0,5.0,5.0,5.0,5.0,5.0,7.0,5.0,5.0,5.0,5.0,5.0,5.0,5.0,5.0,5.0,5.0,5.0,5.0,5.0,5.0,5.0,5.0,5.0,5.0,5.0,5.0,5.0,5.0,5.0,5.0,5.0,7.0,5.0,5.0,5.0,5.0,7.0,5.0,5.0,5.0,5.0,5.0,5.0,5.0,5.0,5.0,5.0,5.0,7.0,5.0,5.0,7.0,5.0,5.0,5.0,5.0,7.0,7.0,7.0,5.0,7.0,5.0,7.0,5.0,5.0,5.0,5.0,5.0,5.0,5.0,5.0,5.0,5.0,5.0,5.0,5.0,5.0,5.0,5.0,5.0,6.0,5.0,6.0,5.0,5.0,5.0,5.0,5.0,7.0,5.0,5.0,5.0,9.0,5.0,5.0,6.0,5.0,5.0,5.0,5.0,5.0,7.0,5.0,5.0,5.0,5.0,5.0,7.0,5.0,7.0,5.0,5.0,5.0,5.0,6.0,5.0,5.0,5.0,5.0,5.0,5.0,5.0,5.0,5.0,5.0,5.0,5.0,5.0,5.0,5.0,5.0,5.0,5.0,5.0,5.0,7.0,,,,,,,,,,,,,,,,,,,,,,,,,,,,,,,,,,,,,,,,,,,,,,,,,,,,,,,,,,,,,,,,,,,,,,,,,,,,,,,,,,,,,,,,,,,,,,,,,,,,
68,4,4,8,4,4,4,8,4,4,4,4,4,4,4,4,4,4,4,4,4,4,4,4,6,6,4,4,4,4,4,4,4,4,6,4,4,6,4,4,4,4,4,4,4,4,4,4,4,4,4,6,4,8,4,4,4,4,4,4,4,4,4,4,4,4,4,4,4,4,4,4,4,4,4,6,4,4,4,4,4,6,4,4,4,4,4,4,4,4,4,4,4,4,4,4,4,6,4,4,4,,,,,,,,,,,,,,,,,,,,,,,,,,,,,,,,,,,,,,,,,,,,,,,,,,,,,,,,,,,,,,,,,,,,,,,,,,,,,,,,,,,,,,,,,,,,,,,,,,,,,5.0,5.0,5.0,5.0,5.0,5.0,5.0,9.0,5.0,7.0,5.0,5.0,5.0,5.0,6.0,5.0,5.0,5.0,5.0,5.0,5.0,5.0,5.0,5.0,5.0,5.0,5.0,5.0,7.0,7.0,5.0,7.0,5.0,5.0,5.0,5.0,5.0,7.0,5.0,5.0,5.0,5.0,5.0,5.0,5.0,5.0,5.0,5.0,5.0,5.0,5.0,5.0,5.0,5.0,5.0,5.0,5.0,7.0,5.0,5.0,5.0,5.0,5.0,5.0,7.0,5.0,5.0,5.0,5.0,5.0,6.0,5.0,5.0,5.0,5.0,5.0,5.0,7.0,6.0,5.0,5.0,5.0,5.0,5.0,5.0,5.0,5.0,5.0,5.0,5.0,5.0,5.0,7.0,5.0,5.0,5.0,5.0,5.0,5.0,5.0,5.0,5.0,5.0,11.0,5.0,5.0,5.0,5.0,7.0,7.0,5.0,5.0,5.0,5.0,7.0,5.0,8.0,5.0,6.0,5.0,5.0,5.0,5.0,7.0,5.0,5.0,5.0,5.0,5.0,5.0,6.0,5.0,6.0,5.0,5.0,5.0,5.0,5.0,5.0,5.0,5.0,5.0,5.0,5.0,5.0,5.0,5.0,7.0,5.0,5.0,5.0,5.0,5.0,5.0,5.0,5.0,5.0,5.0,5.0,5.0,5.0,5.0,6.0,5.0,5.0,5.0,5.0,5.0,5.0,5.0,5.0,5.0,5.0,6.0,5.0,5.0,8.0,7.0,7.0,7.0,5.0,5.0,5.0,5.0,5.0,5.0,5.0,7.0,5.0,6.0,5.0,6.0,5.0,6.0,5.0,6.0,5.0,5.0,7.0,5.0,,,,,,,,,,,,,,,,,,,,,,,,,,,,,,,,,,,,,,,,,,,,,,,,,,,,,,,,,,,,,,,,,,,,,,,,,,,,,,,,,,,,,,,,,,,,,,,,,,,,
65,4,4,4,4,4,4,4,4,4,4,4,4,4,4,6,4,6,4,4,4,4,4,4,4,4,4,4,8,4,4,4,4,4,4,4,8,4,4,6,4,6,4,4,5,6,4,4,4,4,8,4,4,4,4,4,4,4,4,6,4,4,6,4,4,4,4,4,4,4,4,4,4,4,4,6,4,4,4,4,4,4,4,4,5,4,4,4,4,4,4,4,6,4,4,4,4,4,4,4,4,,,,,,,,,,,,,,,,,,,,,,,,,,,,,,,,,,,,,,,,,,,,,,,,,,,,,,,,,,,,,,,,,,,,,,,,,,,,,,,,,,,,,,,,,,,,,,,,,,,,,5.0,5.0,9.0,5.0,5.0,5.0,7.0,7.0,8.0,5.0,5.0,5.0,5.0,5.0,5.0,5.0,5.0,7.0,7.0,5.0,5.0,5.0,5.0,5.0,5.0,5.0,5.0,5.0,6.0,5.0,5.0,5.0,7.0,5.0,5.0,5.0,5.0,5.0,7.0,5.0,5.0,5.0,5.0,5.0,5.0,5.0,5.0,5.0,5.0,5.0,5.0,7.0,5.0,5.0,5.0,7.0,7.0,5.0,5.0,5.0,5.0,5.0,5.0,5.0,5.0,7.0,5.0,5.0,5.0,5.0,5.0,7.0,5.0,9.0,7.0,8.0,5.0,5.0,5.0,5.0,5.0,5.0,5.0,5.0,5.0,5.0,5.0,5.0,5.0,9.0,5.0,5.0,5.0,5.0,6.0,5.0,5.0,5.0,5.0,5.0,5.0,7.0,5.0,5.0,5.0,5.0,5.0,7.0,6.0,6.0,5.0,5.0,5.0,5.0,5.0,5.0,5.0,7.0,5.0,5.0,5.0,7.0,5.0,7.0,5.0,5.0,5.0,6.0,5.0,5.0,5.0,7.0,5.0,7.0,5.0,5.0,5.0,5.0,7.0,8.0,5.0,5.0,5.0,5.0,5.0,5.0,5.0,5.0,7.0,7.0,5.0,7.0,7.0,5.0,5.0,6.0,5.0,5.0,5.0,5.0,5.0,7.0,5.0,5.0,5.0,7.0,5.0,5.0,5.0,6.0,5.0,6.0,5.0,5.0,7.0,5.0,5.0,7.0,5.0,5.0,5.0,5.0,7.0,7.0,5.0,5.0,5.0,5.0,7.0,5.0,5.0,5.0,5.0,5.0,5.0,5.0,5.0,5.0,6.0,5.0,6.0,8.0,6.0,8.0,6.0,6.0,6.0,8.0,8.0,6.0,8.0,6.0,6.0,6.0,6.0,6.0,6.0,6.0,8.0,8.0,6.0,10.0,6.0,6.0,6.0,6.0,8.0,8.0,8.0,6.0,6.0,6.0,6.0,6.0,10.0,6.0,6.0,6.0,6.0,7.0,6.0,6.0,6.0,6.0,6.0,6.0,6.0,9.0,6.0,6.0,8.0,11.0,6.0,6.0,6.0,6.0,6.0,9.0,6.0,6.0,8.0,6.0,6.0,6.0,6.0,9.0,6.0,6.0,10.0,6.0,6.0,6.0,6.0,6.0,12.0,6.0,6.0,7.0,6.0,8.0,6.0,6.0,6.0,6.0,6.0,6.0,10.0,6.0,6.0,6.0,6.0,6.0,6.0,6.0,6.0,6.0,6.0,6.0,6.0,6.0
81,4,4,4,6,6,4,4,4,4,8,4,4,4,4,4,4,4,6,4,4,4,4,4,4,4,4,4,4,4,4,4,4,4,4,4,6,4,4,4,4,4,4,4,4,4,4,4,4,4,4,4,4,4,4,6,4,4,6,4,4,6,4,6,4,4,4,6,4,4,4,6,4,4,6,4,4,4,4,4,4,4,4,4,4,4,4,4,4,4,4,4,4,4,4,4,4,4,4,6,4,,,,,,,,,,,,,,,,,,,,,,,,,,,,,,,,,,,,,,,,,,,,,,,,,,,,,,,,,,,,,,,,,,,,,,,,,,,,,,,,,,,,,,,,,,,,,,,,,,,,,,,,,,,,,,,,,,,,,,,,,,,,,,,,,,,,,,,,,,,,,,,,,,,,,,,,,,,,,,,,,,,,,,,,,,,,,,,,,,,,,,,,,,,,,,,,,,,,,,,,,,,,,,,,,,,,,,,,,,,,,,,,,,,,,,,,,,,,,,,,,,,,,,,,,,,,,,,,,,,,,,,,,,,,,,,,,,,,,,,,,,,,,,,,,,,,,,,,,,,,,,,,,,,,,,,,,,,,,,,,,,,,,,,,,,,,,,,,,,,,,,,,,,,,,,,,,,,,,,,,,,,,,,,,,,,,,,,,,,,,,,,,,,,,,,,,,,,,,,,,
71,4,4,4,4,4,4,4,4,4,6,4,4,4,6,4,6,4,6,4,6,7,4,4,4,6,4,4,4,4,4,4,4,4,4,6,4,8,4,4,4,4,4,4,4,4,4,4,4,6,4,4,4,4,4,4,4,4,4,4,4,4,4,4,6,4,4,4,4,4,4,6,5,4,4,4,4,6,4,7,6,4,5,6,4,4,6,4,4,6,4,4,4,4,4,4,4,4,4,4,4,,,,,,,,,,,,,,,,,,,,,,,,,,,,,,,,,,,,,,,,,,,,,,,,,,,,,,,,,,,,,,,,,,,,,,,,,,,,,,,,,,,,,,,,,,,,,,,,,,,,,5.0,7.0,5.0,5.0,5.0,5.0,5.0,5.0,5.0,5.0,5.0,5.0,9.0,5.0,10.0,5.0,5.0,5.0,5.0,5.0,5.0,5.0,5.0,5.0,5.0,5.0,5.0,5.0,5.0,7.0,5.0,5.0,7.0,5.0,6.0,5.0,5.0,5.0,5.0,5.0,5.0,5.0,5.0,5.0,5.0,5.0,5.0,5.0,5.0,5.0,5.0,5.0,6.0,5.0,5.0,7.0,5.0,5.0,5.0,5.0,5.0,7.0,5.0,5.0,5.0,5.0,5.0,5.0,5.0,5.0,5.0,5.0,5.0,5.0,5.0,5.0,5.0,5.0,5.0,5.0,5.0,5.0,7.0,7.0,5.0,5.0,5.0,5.0,5.0,5.0,7.0,5.0,5.0,5.0,5.0,5.0,9.0,5.0,7.0,5.0,5.0,5.0,5.0,5.0,5.0,5.0,5.0,5.0,5.0,5.0,5.0,5.0,5.0,5.0,5.0,5.0,5.0,5.0,5.0,5.0,5.0,5.0,5.0,5.0,5.0,7.0,5.0,5.0,9.0,5.0,5.0,5.0,5.0,5.0,5.0,12.0,7.0,5.0,5.0,5.0,5.0,5.0,5.0,5.0,5.0,5.0,5.0,5.0,5.0,5.0,5.0,5.0,5.0,5.0,5.0,5.0,5.0,5.0,5.0,5.0,5.0,5.0,5.0,5.0,5.0,5.0,5.0,5.0,5.0,5.0,7.0,7.0,5.0,5.0,5.0,7.0,5.0,5.0,5.0,6.0,11.0,5.0,5.0,10.0,5.0,9.0,5.0,7.0,5.0,5.0,5.0,7.0,5.0,7.0,7.0,5.0,5.0,5.0,5.0,5.0,,,,,,,,,,,,,,,,,,,,,,,,,,,,,,,,,,,,,,,,,,,,,,,,,,,,,,,,,,,,,,,,,,,,,,,,,,,,,,,,,,,,,,,,,,,,,,,,,,,,
51,4,4,4,4,4,4,4,4,4,4,4,6,4,4,4,4,4,4,4,4,4,4,4,4,4,4,6,9,4,4,4,6,4,4,4,4,4,4,4,4,4,4,4,4,6,5,4,4,4,4,4,4,6,4,4,4,4,4,4,6,4,4,4,4,6,4,6,4,4,4,4,4,4,4,4,4,4,4,4,6,4,4,6,4,4,4,4,4,4,4,4,6,4,4,6,4,4,4,4,4,6.0,6.0,6.0,6.0,6.0,10.0,6.0,6.0,6.0,6.0,8.0,6.0,6.0,6.0,6.0,8.0,10.0,6.0,6.0,8.0,8.0,6.0,6.0,6.0,6.0,6.0,6.0,6.0,6.0,6.0,6.0,6.0,8.0,6.0,8.0,6.0,6.0,6.0,8.0,6.0,6.0,8.0,6.0,6.0,7.0,6.0,6.0,7.0,6.0,6.0,6.0,6.0,8.0,8.0,6.0,6.0,6.0,6.0,6.0,6.0,6.0,6.0,6.0,6.0,6.0,10.0,6.0,6.0,8.0,6.0,6.0,6.0,6.0,6.0,6.0,8.0,6.0,6.0,6.0,6.0,6.0,6.0,8.0,12.0,6.0,6.0,8.0,6.0,8.0,6.0,6.0,8.0,6.0,6.0,6.0,6.0,6.0,6.0,6.0,6.0,9.0,5.0,7.0,5.0,7.0,5.0,5.0,5.0,5.0,5.0,5.0,5.0,5.0,5.0,5.0,8.0,5.0,5.0,5.0,5.0,5.0,5.0,5.0,5.0,5.0,5.0,6.0,5.0,5.0,5.0,5.0,6.0,5.0,5.0,5.0,5.0,5.0,5.0,5.0,5.0,5.0,7.0,5.0,5.0,5.0,7.0,5.0,5.0,8.0,5.0,5.0,5.0,5.0,5.0,5.0,5.0,5.0,5.0,5.0,5.0,5.0,5.0,7.0,5.0,7.0,5.0,7.0,5.0,5.0,5.0,5.0,5.0,6.0,5.0,5.0,5.0,5.0,5.0,7.0,5.0,7.0,7.0,5.0,5.0,5.0,5.0,5.0,5.0,5.0,5.0,5.0,5.0,5.0,5.0,5.0,5.0,5.0,5.0,5.0,5.0,7.0,5.0,5.0,5.0,5.0,5.0,5.0,5.0,7.0,5.0,5.0,6.0,6.0,5.0,5.0,5.0,5.0,5.0,5.0,5.0,5.0,7.0,5.0,5.0,5.0,7.0,7.0,5.0,6.0,9.0,7.0,5.0,6.0,6.0,6.0,5.0,7.0,5.0,7.0,6.0,8.0,7.0,5.0,6.0,6.0,6.0,8.0,9.0,13.0,12.0,10.0,14.0,5.0,5.0,6.0,5.0,5.0,6.0,6.0,6.0,6.0,6.0,6.0,6.0,6.0,5.0,5.0,5.0,5.0,6.0,6.0,8.0,6.0,6.0,6.0,6.0,8.0,5.0,6.0,5.0,5.0,5.0,5.0,5.0,5.0,5.0,5.0,7.0,5.0,5.0,5.0,5.0,5.0,5.0,5.0,7.0,5.0,5.0,5.0,5.0,6.0,6.0,6.0,6.0,8.0,6.0,6.0,6.0,8.0,6.0,6.0,6.0,8.0,6.0,8.0,6.0,6.0,6.0,6.0,6.0,6.0,6.0,9.0,6.0,6.0,6.0,6.0,6.0,6.0,6.0,8.0,6.0,6.0,6.0,6.0,9.0,6.0,6.0,11.0,6.0,9.0,6.0,6.0,6.0,6.0,6.0,6.0,6.0,6.0,6.0,6.0,6.0,6.0,6.0,6.0,10.0,6.0,6.0,6.0,6.0,6.0,6.0,6.0,6.0,6.0,6.0,6.0,8.0,6.0,6.0,6.0,6.0,6.0,11.0,6.0,7.0,6.0,6.0,6.0,6.0,6.0,6.0,6.0,6.0,6.0,6.0,6.0,6.0,6.0,6.0,6.0,9.0,6.0,6.0,6.0,6.0,6.0,10.0,6.0,6.0
66,4,4,4,4,4,4,6,4,4,4,4,4,4,4,6,4,6,4,4,4,4,6,4,4,4,4,4,4,4,4,4,4,4,6,4,4,4,4,4,4,4,4,4,4,4,4,4,4,4,6,4,4,6,4,4,4,4,4,4,4,4,4,4,4,6,4,4,4,4,4,4,4,4,4,4,4,6,4,4,4,4,4,4,4,4,4,4,4,4,4,4,4,4,4,4,4,4,4,4,4,,,,,,,,,,,,,,,,,,,,,,,,,,,,,,,,,,,,,,,,,,,,,,,,,,,,,,,,,,,,,,,,,,,,,,,,,,,,,,,,,,,,,,,,,,,,,,,,,,,,,5.0,5.0,5.0,5.0,5.0,5.0,6.0,7.0,5.0,7.0,5.0,7.0,5.0,5.0,5.0,5.0,7.0,5.0,5.0,5.0,5.0,7.0,5.0,7.0,7.0,5.0,5.0,5.0,5.0,6.0,5.0,5.0,6.0,7.0,5.0,5.0,5.0,5.0,5.0,6.0,5.0,5.0,5.0,5.0,5.0,7.0,5.0,5.0,5.0,7.0,7.0,5.0,5.0,6.0,5.0,5.0,5.0,5.0,5.0,5.0,5.0,5.0,7.0,5.0,5.0,5.0,5.0,9.0,5.0,5.0,5.0,5.0,5.0,8.0,6.0,5.0,5.0,5.0,5.0,5.0,5.0,5.0,5.0,5.0,6.0,5.0,7.0,5.0,5.0,5.0,6.0,5.0,5.0,5.0,5.0,5.0,7.0,5.0,5.0,5.0,5.0,5.0,5.0,5.0,5.0,5.0,5.0,5.0,5.0,5.0,5.0,5.0,5.0,5.0,5.0,5.0,5.0,9.0,5.0,5.0,5.0,5.0,7.0,5.0,5.0,5.0,5.0,5.0,5.0,6.0,5.0,5.0,5.0,7.0,5.0,5.0,5.0,5.0,5.0,5.0,5.0,5.0,5.0,5.0,5.0,5.0,5.0,5.0,5.0,5.0,5.0,5.0,5.0,5.0,5.0,5.0,5.0,7.0,5.0,5.0,5.0,5.0,5.0,5.0,5.0,5.0,5.0,5.0,5.0,5.0,5.0,5.0,5.0,7.0,7.0,5.0,5.0,5.0,5.0,7.0,5.0,5.0,5.0,5.0,6.0,5.0,5.0,5.0,5.0,6.0,5.0,5.0,5.0,9.0,5.0,6.0,5.0,5.0,5.0,6.0,,,,,,,,,,,,,,,,,,,,,,,,,,,,,,,,,,,,,,,,,,,,,,,,,,,,,,,,,,,,,,,,,,,,,,,,,,,,,,,,,,,,,,,,,,,,,,,,,,,,
82,4,4,8,4,4,4,4,4,5,4,4,4,6,4,4,4,4,4,4,4,4,4,4,7,4,6,4,4,4,4,4,4,4,4,4,4,6,4,4,5,6,4,6,4,4,6,4,4,4,4,4,4,4,4,4,4,4,4,4,4,4,4,4,4,4,4,4,4,4,4,4,4,6,4,4,4,4,6,4,4,4,4,4,4,4,4,4,4,4,6,4,4,4,6,4,4,4,4,4,4,,,,,,,,,,,,,,,,,,,,,,,,,,,,,,,,,,,,,,,,,,,,,,,,,,,,,,,,,,,,,,,,,,,,,,,,,,,,,,,,,,,,,,,,,,,,,,,,,,,,,,,,,,,,,,,,,,,,,,,,,,,,,,,,,,,,,,,,,,,,,,,,,,,,,,,,,,,,,,,,,,,,,,,,,,,,,,,,,,,,,,,,,,,,,,,,,,,,,,,,,,,,,,,,,,,,,,,,,,,,,,,,,,,,,,,,,,,,,,,,,,,,,,,,,,,,,,,,,,,,,,,,,,,,,,,,,,,,,,,,,,,,,,,,,,,,,,,,,,,,,,,,,,,,,,,,,,,,,,,,,,,,,,,,,,,,,,,,,,,,,,,,,,,,,,,,,,,,,,,,,,,,,,,,,,,,,,,,,,,,,,,,,,,,,,,,,,,,,,,,
57,4,6,6,5,4,4,5,4,4,4,4,4,4,4,6,4,4,4,4,4,4,4,4,4,4,4,4,4,4,4,6,5,6,4,4,4,4,4,4,4,4,4,4,4,4,4,4,6,4,4,4,4,6,6,6,4,4,4,4,4,4,4,4,4,4,4,4,4,4,4,4,6,4,4,4,4,4,4,4,4,4,4,4,4,6,4,4,4,4,4,4,4,4,4,4,4,6,4,4,4,6.0,6.0,6.0,8.0,6.0,6.0,6.0,6.0,8.0,6.0,6.0,9.0,6.0,7.0,9.0,6.0,6.0,6.0,8.0,6.0,6.0,6.0,6.0,6.0,6.0,6.0,6.0,6.0,6.0,6.0,6.0,6.0,6.0,6.0,6.0,6.0,6.0,6.0,6.0,8.0,6.0,6.0,6.0,6.0,6.0,6.0,6.0,6.0,6.0,6.0,6.0,6.0,8.0,6.0,8.0,6.0,6.0,6.0,6.0,6.0,8.0,6.0,8.0,6.0,6.0,6.0,6.0,6.0,8.0,6.0,6.0,8.0,6.0,8.0,7.0,6.0,8.0,6.0,6.0,6.0,6.0,13.0,6.0,8.0,7.0,8.0,6.0,8.0,6.0,6.0,6.0,6.0,6.0,8.0,6.0,8.0,10.0,6.0,6.0,6.0,5.0,5.0,5.0,5.0,9.0,5.0,5.0,5.0,5.0,5.0,5.0,5.0,5.0,5.0,6.0,5.0,5.0,7.0,7.0,5.0,5.0,5.0,5.0,6.0,5.0,7.0,5.0,5.0,5.0,5.0,5.0,5.0,5.0,7.0,5.0,5.0,5.0,5.0,5.0,5.0,7.0,7.0,5.0,5.0,7.0,5.0,5.0,5.0,7.0,5.0,5.0,5.0,5.0,5.0,5.0,5.0,5.0,5.0,5.0,5.0,5.0,5.0,5.0,6.0,5.0,5.0,5.0,5.0,5.0,5.0,5.0,5.0,5.0,7.0,5.0,5.0,8.0,5.0,5.0,5.0,5.0,5.0,5.0,5.0,5.0,5.0,5.0,5.0,5.0,5.0,7.0,5.0,5.0,5.0,5.0,7.0,5.0,6.0,5.0,7.0,7.0,5.0,5.0,5.0,5.0,5.0,5.0,5.0,5.0,5.0,5.0,5.0,5.0,5.0,5.0,5.0,7.0,5.0,5.0,5.0,5.0,5.0,5.0,7.0,7.0,5.0,5.0,5.0,11.0,5.0,5.0,5.0,7.0,5.0,5.0,5.0,5.0,5.0,5.0,5.0,5.0,5.0,5.0,9.0,5.0,5.0,7.0,5.0,5.0,5.0,5.0,5.0,5.0,5.0,5.0,7.0,5.0,5.0,5.0,5.0,5.0,5.0,5.0,7.0,5.0,5.0,5.0,5.0,5.0,5.0,5.0,5.0,5.0,5.0,5.0,5.0,5.0,5.0,5.0,5.0,8.0,7.0,5.0,5.0,6.0,5.0,5.0,7.0,5.0,5.0,5.0,5.0,7.0,5.0,5.0,5.0,5.0,5.0,6.0,5.0,6.0,6.0,6.0,6.0,6.0,6.0,6.0,8.0,6.0,6.0,6.0,6.0,8.0,6.0,6.0,8.0,6.0,6.0,8.0,6.0,6.0,6.0,6.0,6.0,6.0,6.0,6.0,6.0,6.0,6.0,6.0,6.0,8.0,6.0,6.0,6.0,6.0,6.0,10.0,6.0,8.0,6.0,6.0,6.0,6.0,6.0,8.0,6.0,6.0,6.0,6.0,6.0,6.0,8.0,6.0,6.0,6.0,8.0,6.0,6.0,6.0,6.0,6.0,6.0,6.0,6.0,6.0,6.0,6.0,6.0,6.0,6.0,8.0,6.0,6.0,6.0,8.0,6.0,6.0,6.0,8.0,6.0,6.0,6.0,6.0,6.0,6.0,6.0,9.0,6.0,6.0,6.0,6.0,6.0,6.0,6.0,6.0,6.0,6.0,8.0
77,4,4,4,4,4,6,4,4,4,4,6,4,4,4,4,4,4,6,4,4,4,6,4,4,4,4,4,4,4,4,4,6,4,4,4,4,4,6,4,4,4,4,4,4,4,4,4,4,4,4,4,4,4,4,4,4,4,4,4,4,4,4,4,4,4,4,4,4,6,4,4,4,4,4,4,4,4,4,4,4,4,4,4,4,4,4,4,4,4,4,4,6,4,4,4,4,4,4,4,8,,,,,,,,,,,,,,,,,,,,,,,,,,,,,,,,,,,,,,,,,,,,,,,,,,,,,,,,,,,,,,,,,,,,,,,,,,,,,,,,,,,,,,,,,,,,,,,,,,,,,,,,,,,,,,,,,,,,,,,,,,,,,,,,,,,,,,,,,,,,,,,,,,,,,,,,,,,,,,,,,,,,,,,,,,,,,,,,,,,,,,,,,,,,,,,,,,,,,,,,,,,,,,,,,,,,,,,,,,,,,,,,,,,,,,,,,,,,,,,,,,,,,,,,,,,,,,,,,,,,,,,,,,,,,,,,,,,,,,,,,,,,,,,,,,,,,,,,,,,,,,,,,,,,,,,,,,,,,,,,,,,,,,,,,,,,,,,,,,,,,,,,,,,,,,,,,,,,,,,,,,,,,,,,,,,,,,,,,,,,,,,,,,,,,,,,,,,,,,,,
84,4,4,4,4,4,4,4,4,4,6,4,4,4,8,4,4,4,4,4,4,4,6,4,4,4,6,4,4,4,4,4,4,4,4,4,4,4,4,4,5,4,4,4,4,4,4,4,4,4,4,4,4,4,4,4,4,6,6,4,4,8,4,4,4,4,4,6,6,4,4,4,4,4,4,4,4,4,6,4,4,4,4,4,4,4,4,4,4,4,4,6,6,4,4,4,4,4,4,4,4,,,,,,,,,,,,,,,,,,,,,,,,,,,,,,,,,,,,,,,,,,,,,,,,,,,,,,,,,,,,,,,,,,,,,,,,,,,,,,,,,,,,,,,,,,,,,,,,,,,,,,,,,,,,,,,,,,,,,,,,,,,,,,,,,,,,,,,,,,,,,,,,,,,,,,,,,,,,,,,,,,,,,,,,,,,,,,,,,,,,,,,,,,,,,,,,,,,,,,,,,,,,,,,,,,,,,,,,,,,,,,,,,,,,,,,,,,,,,,,,,,,,,,,,,,,,,,,,,,,,,,,,,,,,,,,,,,,,,,,,,,,,,,,,,,,,,,,,,,,,,,,,,,,,,,,,,,,,,,,,,,,,,,,,,,,,,,,,,,,,,,,,,,,,,,,,,,,,,,,,,,,,,,,,,,,,,,,,,,,,,,,,,,,,,,,,,,,,,,,,
60,4,4,4,4,5,4,4,4,4,4,4,4,4,4,4,4,4,6,4,4,4,5,4,4,6,6,4,5,4,4,4,4,4,4,4,4,4,4,6,4,4,4,4,4,4,4,4,4,4,4,4,4,4,4,4,4,4,4,4,4,4,4,4,4,4,4,4,4,8,4,4,4,4,4,4,4,6,4,4,4,4,4,4,5,4,4,6,4,4,4,6,4,4,4,4,4,4,6,6,4,,,,,,,,,,,,,,,,,,,,,,,,,,,,,,,,,,,,,,,,,,,,,,,,,,,,,,,,,,,,,,,,,,,,,,,,,,,,,,,,,,,,,,,,,,,,,,,,,,,,,5.0,5.0,5.0,5.0,5.0,5.0,5.0,5.0,6.0,5.0,5.0,5.0,5.0,6.0,5.0,5.0,5.0,5.0,7.0,7.0,5.0,5.0,5.0,7.0,7.0,5.0,5.0,5.0,5.0,5.0,5.0,5.0,5.0,5.0,5.0,5.0,5.0,5.0,7.0,5.0,5.0,5.0,5.0,5.0,5.0,5.0,5.0,5.0,5.0,9.0,5.0,5.0,5.0,7.0,5.0,5.0,5.0,5.0,5.0,5.0,5.0,8.0,5.0,5.0,5.0,5.0,7.0,7.0,5.0,5.0,5.0,7.0,5.0,5.0,5.0,5.0,5.0,5.0,7.0,5.0,5.0,5.0,6.0,5.0,5.0,5.0,5.0,5.0,5.0,5.0,14.0,5.0,5.0,5.0,5.0,5.0,5.0,5.0,5.0,5.0,5.0,5.0,5.0,5.0,5.0,5.0,5.0,5.0,5.0,5.0,5.0,5.0,5.0,5.0,5.0,5.0,5.0,5.0,5.0,5.0,5.0,5.0,5.0,5.0,5.0,5.0,5.0,5.0,5.0,5.0,5.0,5.0,5.0,5.0,5.0,8.0,5.0,5.0,5.0,5.0,7.0,5.0,5.0,5.0,5.0,5.0,7.0,5.0,5.0,5.0,5.0,5.0,5.0,5.0,5.0,5.0,5.0,5.0,5.0,5.0,5.0,5.0,5.0,5.0,5.0,5.0,5.0,5.0,5.0,5.0,5.0,5.0,5.0,5.0,5.0,5.0,5.0,5.0,5.0,5.0,5.0,5.0,5.0,5.0,5.0,6.0,5.0,7.0,5.0,5.0,5.0,5.0,5.0,5.0,5.0,5.0,5.0,5.0,5.0,5.0,6.0,6.0,6.0,6.0,10.0,10.0,6.0,6.0,6.0,9.0,6.0,6.0,6.0,6.0,6.0,6.0,6.0,8.0,6.0,6.0,6.0,6.0,6.0,8.0,6.0,8.0,6.0,6.0,6.0,6.0,6.0,6.0,6.0,6.0,6.0,6.0,6.0,6.0,6.0,8.0,6.0,6.0,6.0,6.0,6.0,6.0,6.0,6.0,6.0,6.0,6.0,6.0,6.0,6.0,6.0,6.0,6.0,6.0,6.0,8.0,6.0,6.0,6.0,6.0,6.0,8.0,6.0,6.0,6.0,6.0,8.0,6.0,6.0,6.0,6.0,6.0,6.0,6.0,6.0,8.0,6.0,6.0,6.0,6.0,6.0,8.0,6.0,9.0,6.0,6.0,9.0,6.0,6.0,6.0,6.0,8.0,6.0,6.0,6.0,6.0
79,4,4,4,4,4,4,4,4,4,4,4,4,4,4,4,4,6,4,4,4,4,4,4,4,6,4,4,4,4,6,4,4,4,4,4,4,4,4,4,6,4,6,4,4,4,5,4,4,4,4,4,4,4,4,4,6,4,4,4,6,4,6,4,4,4,4,8,6,6,4,6,4,7,6,5,4,6,4,4,4,4,4,4,6,6,4,4,4,4,4,4,4,4,4,4,4,4,4,6,4,,,,,,,,,,,,,,,,,,,,,,,,,,,,,,,,,,,,,,,,,,,,,,,,,,,,,,,,,,,,,,,,,,,,,,,,,,,,,,,,,,,,,,,,,,,,,,,,,,,,,,,,,,,,,,,,,,,,,,,,,,,,,,,,,,,,,,,,,,,,,,,,,,,,,,,,,,,,,,,,,,,,,,,,,,,,,,,,,,,,,,,,,,,,,,,,,,,,,,,,,,,,,,,,,,,,,,,,,,,,,,,,,,,,,,,,,,,,,,,,,,,,,,,,,,,,,,,,,,,,,,,,,,,,,,,,,,,,,,,,,,,,,,,,,,,,,,,,,,,,,,,,,,,,,,,,,,,,,,,,,,,,,,,,,,,,,,,,,,,,,,,,,,,,,,,,,,,,,,,,,,,,,,,,,,,,,,,,,,,,,,,,,,,,,,,,,,,,,,,,
59,6,4,4,4,4,4,4,4,6,4,4,4,4,4,4,4,4,4,4,4,4,4,4,4,4,4,4,4,4,6,6,4,4,4,7,4,4,4,4,4,4,4,4,6,4,4,4,4,4,4,4,4,4,6,4,4,4,4,4,4,4,4,4,4,4,4,4,4,4,4,4,4,4,4,4,4,4,4,4,4,4,4,4,4,4,4,7,4,4,4,4,4,4,4,4,4,4,4,4,4,,,,,,,,,,,,,,,,,,,,,,,,,,,,,,,,,,,,,,,,,,,,,,,,,,,,,,,,,,,,,,,,,,,,,,,,,,,,,,,,,,,,,,,,,,,,,,,,,,,,,5.0,5.0,5.0,5.0,5.0,9.0,5.0,5.0,5.0,5.0,5.0,5.0,5.0,5.0,7.0,5.0,8.0,5.0,5.0,5.0,5.0,7.0,5.0,5.0,5.0,5.0,5.0,5.0,5.0,5.0,7.0,5.0,5.0,7.0,5.0,5.0,5.0,5.0,5.0,5.0,5.0,5.0,5.0,5.0,5.0,5.0,5.0,7.0,5.0,5.0,5.0,7.0,7.0,5.0,5.0,5.0,5.0,5.0,5.0,5.0,5.0,5.0,5.0,5.0,7.0,5.0,5.0,5.0,5.0,5.0,5.0,5.0,5.0,5.0,7.0,5.0,5.0,5.0,5.0,5.0,7.0,5.0,5.0,5.0,5.0,5.0,5.0,5.0,5.0,5.0,5.0,5.0,5.0,5.0,5.0,5.0,5.0,5.0,5.0,5.0,5.0,5.0,5.0,5.0,9.0,5.0,5.0,7.0,5.0,7.0,5.0,5.0,5.0,5.0,5.0,7.0,6.0,5.0,5.0,5.0,5.0,5.0,5.0,7.0,5.0,5.0,5.0,5.0,5.0,5.0,5.0,5.0,5.0,5.0,5.0,5.0,5.0,5.0,5.0,7.0,5.0,5.0,5.0,6.0,5.0,5.0,5.0,5.0,5.0,5.0,5.0,5.0,5.0,5.0,5.0,5.0,5.0,5.0,5.0,6.0,5.0,6.0,5.0,5.0,5.0,5.0,5.0,5.0,5.0,5.0,5.0,5.0,5.0,5.0,5.0,5.0,5.0,5.0,5.0,5.0,5.0,5.0,7.0,5.0,5.0,5.0,5.0,5.0,5.0,5.0,7.0,5.0,5.0,5.0,5.0,5.0,5.0,5.0,5.0,5.0,8.0,6.0,6.0,6.0,6.0,8.0,6.0,6.0,6.0,6.0,6.0,8.0,8.0,6.0,6.0,6.0,6.0,8.0,6.0,6.0,6.0,6.0,6.0,6.0,8.0,6.0,7.0,6.0,8.0,6.0,6.0,6.0,8.0,6.0,6.0,6.0,6.0,6.0,6.0,6.0,6.0,7.0,6.0,6.0,6.0,6.0,6.0,6.0,6.0,6.0,6.0,6.0,6.0,6.0,6.0,6.0,6.0,6.0,6.0,6.0,6.0,6.0,6.0,6.0,7.0,6.0,6.0,6.0,6.0,6.0,6.0,6.0,6.0,6.0,8.0,6.0,6.0,6.0,8.0,7.0,6.0,6.0,6.0,6.0,6.0,6.0,6.0,6.0,6.0,6.0,6.0,7.0,6.0,6.0,6.0,6.0,8.0,6.0,6.0,6.0
74,6,6,4,4,4,4,6,4,4,4,4,4,4,4,4,4,4,6,6,4,4,4,4,6,4,6,4,4,6,4,4,4,4,6,4,4,4,4,4,4,4,4,6,4,4,4,4,5,4,4,4,4,4,4,4,4,6,4,4,6,4,4,4,4,4,4,4,4,4,4,4,4,4,4,4,4,4,10,4,6,4,4,4,4,4,6,4,4,4,4,4,4,4,4,4,4,4,4,4,4,,,,,,,,,,,,,,,,,,,,,,,,,,,,,,,,,,,,,,,,,,,,,,,,,,,,,,,,,,,,,,,,,,,,,,,,,,,,,,,,,,,,,,,,,,,,,,,,,,,,,5.0,5.0,5.0,5.0,5.0,5.0,5.0,5.0,5.0,5.0,5.0,5.0,10.0,5.0,5.0,5.0,5.0,5.0,5.0,7.0,5.0,5.0,5.0,5.0,10.0,5.0,5.0,5.0,10.0,5.0,5.0,5.0,5.0,5.0,5.0,5.0,5.0,5.0,5.0,5.0,5.0,5.0,5.0,5.0,5.0,5.0,6.0,5.0,5.0,5.0,5.0,5.0,7.0,7.0,5.0,5.0,5.0,5.0,5.0,5.0,5.0,5.0,5.0,5.0,5.0,5.0,5.0,5.0,5.0,5.0,5.0,9.0,5.0,5.0,5.0,5.0,5.0,9.0,5.0,6.0,5.0,7.0,5.0,5.0,5.0,7.0,5.0,5.0,5.0,5.0,5.0,5.0,5.0,5.0,5.0,5.0,5.0,9.0,5.0,5.0,5.0,5.0,5.0,5.0,5.0,5.0,5.0,5.0,5.0,5.0,5.0,5.0,5.0,7.0,5.0,5.0,8.0,5.0,5.0,5.0,5.0,5.0,5.0,5.0,5.0,5.0,5.0,5.0,6.0,5.0,5.0,5.0,8.0,5.0,5.0,5.0,7.0,5.0,5.0,5.0,5.0,5.0,5.0,5.0,5.0,5.0,5.0,5.0,5.0,5.0,5.0,5.0,5.0,5.0,5.0,5.0,5.0,5.0,7.0,5.0,5.0,5.0,5.0,7.0,6.0,5.0,5.0,5.0,6.0,5.0,5.0,5.0,5.0,5.0,5.0,5.0,5.0,5.0,5.0,5.0,5.0,6.0,5.0,5.0,5.0,5.0,5.0,5.0,5.0,5.0,5.0,5.0,5.0,5.0,5.0,5.0,5.0,5.0,5.0,7.0,,,,,,,,,,,,,,,,,,,,,,,,,,,,,,,,,,,,,,,,,,,,,,,,,,,,,,,,,,,,,,,,,,,,,,,,,,,,,,,,,,,,,,,,,,,,,,,,,,,,
54,4,4,4,4,4,4,4,4,4,4,4,4,4,4,4,4,4,4,4,4,4,4,4,4,4,4,4,4,4,4,4,4,4,6,4,4,4,4,6,4,4,4,4,4,6,4,4,5,4,4,4,4,4,4,6,6,4,4,4,4,4,4,4,4,4,4,6,4,4,4,4,4,6,4,4,6,4,4,4,4,4,4,4,4,6,4,4,4,6,4,6,4,4,4,4,4,6,4,4,4,8.0,6.0,6.0,6.0,6.0,6.0,6.0,11.0,6.0,6.0,6.0,8.0,6.0,8.0,6.0,6.0,6.0,6.0,6.0,6.0,6.0,6.0,6.0,6.0,9.0,6.0,6.0,6.0,6.0,8.0,6.0,8.0,6.0,6.0,6.0,6.0,6.0,6.0,6.0,6.0,10.0,6.0,9.0,6.0,6.0,6.0,8.0,6.0,6.0,6.0,6.0,6.0,6.0,6.0,6.0,6.0,6.0,6.0,6.0,6.0,6.0,6.0,6.0,8.0,10.0,6.0,9.0,6.0,6.0,6.0,11.0,6.0,6.0,6.0,6.0,6.0,6.0,6.0,6.0,6.0,6.0,6.0,6.0,8.0,6.0,10.0,6.0,6.0,6.0,6.0,6.0,10.0,6.0,6.0,6.0,6.0,12.0,6.0,6.0,6.0,5.0,5.0,5.0,5.0,5.0,5.0,5.0,5.0,5.0,5.0,5.0,5.0,6.0,5.0,5.0,5.0,7.0,5.0,5.0,5.0,9.0,5.0,5.0,5.0,5.0,5.0,5.0,7.0,5.0,5.0,6.0,5.0,5.0,7.0,6.0,5.0,7.0,5.0,5.0,5.0,5.0,7.0,5.0,5.0,5.0,7.0,5.0,5.0,5.0,5.0,7.0,5.0,5.0,5.0,5.0,5.0,5.0,5.0,5.0,5.0,5.0,5.0,8.0,6.0,5.0,5.0,5.0,5.0,5.0,7.0,5.0,5.0,7.0,5.0,5.0,5.0,5.0,5.0,5.0,5.0,5.0,5.0,5.0,6.0,7.0,5.0,5.0,5.0,5.0,5.0,5.0,7.0,5.0,5.0,5.0,5.0,5.0,7.0,5.0,7.0,6.0,5.0,5.0,5.0,5.0,5.0,5.0,5.0,5.0,5.0,5.0,5.0,5.0,5.0,5.0,5.0,5.0,5.0,5.0,7.0,5.0,5.0,5.0,5.0,5.0,7.0,7.0,5.0,5.0,5.0,5.0,5.0,5.0,5.0,5.0,5.0,9.0,7.0,5.0,5.0,5.0,5.0,7.0,6.0,7.0,5.0,5.0,7.0,5.0,5.0,5.0,5.0,5.0,5.0,5.0,5.0,5.0,5.0,5.0,10.0,5.0,5.0,5.0,5.0,5.0,7.0,7.0,5.0,5.0,5.0,5.0,5.0,5.0,5.0,5.0,5.0,5.0,5.0,5.0,5.0,5.0,7.0,5.0,5.0,5.0,5.0,5.0,5.0,7.0,5.0,6.0,5.0,5.0,5.0,5.0,5.0,5.0,7.0,9.0,5.0,6.0,6.0,8.0,6.0,6.0,6.0,6.0,6.0,6.0,6.0,9.0,6.0,6.0,6.0,6.0,6.0,6.0,6.0,6.0,6.0,6.0,6.0,6.0,6.0,6.0,6.0,6.0,6.0,8.0,8.0,6.0,6.0,6.0,6.0,6.0,6.0,6.0,6.0,6.0,6.0,6.0,6.0,6.0,6.0,8.0,6.0,6.0,6.0,6.0,8.0,9.0,8.0,8.0,6.0,6.0,6.0,6.0,8.0,6.0,6.0,8.0,6.0,6.0,6.0,6.0,6.0,6.0,7.0,6.0,6.0,11.0,8.0,6.0,8.0,6.0,8.0,6.0,6.0,6.0,6.0,6.0,6.0,8.0,6.0,6.0,6.0,6.0,6.0,6.0,8.0,6.0,6.0,6.0,8.0,6.0,6.0,6.0,9.0,6.0,6.0
63,4,4,4,4,4,4,4,4,4,4,8,4,4,4,6,4,4,4,4,4,4,4,4,6,4,6,4,4,6,4,4,4,4,4,4,4,4,4,4,4,4,4,4,4,4,6,4,4,4,4,4,4,4,4,4,4,4,9,4,6,4,4,4,4,4,4,4,4,4,4,4,4,4,4,4,4,6,4,4,4,4,4,4,4,4,4,4,4,4,6,4,4,4,4,4,4,4,4,4,4,,,,,,,,,,,,,,,,,,,,,,,,,,,,,,,,,,,,,,,,,,,,,,,,,,,,,,,,,,,,,,,,,,,,,,,,,,,,,,,,,,,,,,,,,,,,,,,,,,,,,5.0,5.0,5.0,5.0,5.0,5.0,5.0,7.0,7.0,5.0,5.0,6.0,5.0,5.0,5.0,5.0,5.0,5.0,5.0,5.0,5.0,5.0,5.0,5.0,5.0,5.0,5.0,5.0,6.0,5.0,5.0,5.0,5.0,5.0,5.0,5.0,7.0,5.0,5.0,5.0,5.0,5.0,5.0,6.0,5.0,5.0,5.0,5.0,5.0,5.0,5.0,5.0,7.0,5.0,5.0,7.0,5.0,7.0,5.0,5.0,5.0,5.0,5.0,5.0,7.0,5.0,5.0,5.0,5.0,5.0,5.0,5.0,5.0,5.0,5.0,5.0,7.0,5.0,5.0,5.0,5.0,5.0,5.0,6.0,5.0,5.0,5.0,5.0,5.0,7.0,7.0,5.0,5.0,5.0,7.0,5.0,7.0,5.0,5.0,5.0,5.0,5.0,6.0,5.0,11.0,7.0,5.0,5.0,5.0,5.0,5.0,5.0,9.0,5.0,5.0,5.0,5.0,5.0,5.0,5.0,5.0,5.0,5.0,5.0,7.0,5.0,5.0,5.0,5.0,5.0,5.0,5.0,5.0,5.0,5.0,5.0,5.0,5.0,5.0,5.0,5.0,5.0,5.0,5.0,5.0,5.0,5.0,5.0,5.0,5.0,5.0,5.0,5.0,5.0,5.0,5.0,7.0,7.0,11.0,5.0,5.0,5.0,5.0,5.0,5.0,5.0,5.0,5.0,5.0,5.0,5.0,5.0,5.0,5.0,5.0,5.0,5.0,6.0,8.0,5.0,6.0,5.0,5.0,5.0,5.0,5.0,5.0,5.0,7.0,5.0,5.0,5.0,5.0,5.0,5.0,5.0,5.0,5.0,5.0,5.0,6.0,8.0,6.0,6.0,8.0,6.0,7.0,6.0,11.0,6.0,6.0,6.0,6.0,8.0,6.0,6.0,6.0,8.0,6.0,6.0,6.0,6.0,6.0,6.0,6.0,6.0,6.0,8.0,6.0,6.0,9.0,6.0,6.0,9.0,6.0,6.0,6.0,6.0,6.0,6.0,6.0,6.0,6.0,6.0,6.0,6.0,7.0,6.0,12.0,9.0,6.0,6.0,6.0,6.0,6.0,6.0,8.0,6.0,6.0,6.0,6.0,6.0,6.0,6.0,6.0,6.0,10.0,6.0,9.0,6.0,6.0,6.0,6.0,6.0,6.0,6.0,6.0,8.0,6.0,11.0,6.0,6.0,6.0,8.0,6.0,6.0,6.0,6.0,6.0,6.0,6.0,12.0,7.0,6.0,6.0,8.0,6.0,6.0,6.0,6.0
62,4,5,4,4,4,4,4,4,4,4,4,4,4,4,4,4,4,4,4,4,4,6,4,4,4,4,4,4,4,6,4,4,4,4,4,5,4,4,4,4,4,4,4,4,4,4,4,6,4,4,4,4,4,4,4,4,4,4,4,4,4,4,4,4,4,4,4,6,4,4,4,4,4,4,4,4,4,4,4,4,4,4,4,4,6,4,4,4,4,4,4,4,4,6,4,4,6,4,4,4,,,,,,,,,,,,,,,,,,,,,,,,,,,,,,,,,,,,,,,,,,,,,,,,,,,,,,,,,,,,,,,,,,,,,,,,,,,,,,,,,,,,,,,,,,,,,,,,,,,,,7.0,5.0,5.0,5.0,5.0,6.0,5.0,5.0,5.0,5.0,5.0,5.0,5.0,5.0,5.0,5.0,6.0,5.0,5.0,5.0,5.0,7.0,5.0,5.0,5.0,5.0,5.0,5.0,5.0,5.0,5.0,5.0,5.0,7.0,5.0,5.0,5.0,5.0,5.0,5.0,5.0,5.0,5.0,5.0,5.0,5.0,5.0,5.0,5.0,7.0,5.0,5.0,5.0,7.0,5.0,5.0,5.0,7.0,5.0,5.0,5.0,5.0,5.0,5.0,5.0,5.0,5.0,5.0,5.0,5.0,5.0,5.0,5.0,5.0,7.0,5.0,5.0,5.0,5.0,5.0,5.0,5.0,6.0,5.0,5.0,5.0,5.0,6.0,5.0,5.0,5.0,5.0,5.0,5.0,5.0,5.0,5.0,5.0,5.0,5.0,5.0,5.0,5.0,5.0,5.0,5.0,7.0,5.0,5.0,5.0,5.0,5.0,7.0,5.0,5.0,5.0,5.0,5.0,5.0,7.0,5.0,5.0,7.0,5.0,5.0,7.0,7.0,5.0,5.0,7.0,5.0,5.0,5.0,7.0,5.0,5.0,5.0,5.0,5.0,7.0,5.0,5.0,7.0,5.0,5.0,5.0,5.0,7.0,5.0,5.0,5.0,9.0,5.0,9.0,5.0,5.0,5.0,9.0,7.0,5.0,5.0,5.0,5.0,5.0,5.0,5.0,7.0,5.0,5.0,5.0,5.0,5.0,5.0,5.0,5.0,5.0,5.0,5.0,5.0,5.0,5.0,7.0,5.0,5.0,5.0,5.0,9.0,5.0,5.0,5.0,5.0,5.0,5.0,7.0,5.0,5.0,5.0,5.0,6.0,5.0,6.0,11.0,8.0,6.0,6.0,6.0,6.0,6.0,6.0,6.0,6.0,6.0,6.0,6.0,8.0,6.0,8.0,6.0,6.0,6.0,6.0,6.0,8.0,6.0,6.0,6.0,6.0,6.0,8.0,6.0,6.0,8.0,8.0,6.0,6.0,8.0,6.0,6.0,6.0,6.0,6.0,6.0,6.0,6.0,6.0,8.0,7.0,6.0,8.0,6.0,6.0,8.0,6.0,6.0,8.0,6.0,8.0,6.0,6.0,6.0,8.0,6.0,6.0,6.0,6.0,6.0,6.0,6.0,6.0,6.0,6.0,6.0,6.0,8.0,6.0,6.0,8.0,6.0,6.0,6.0,6.0,6.0,6.0,6.0,6.0,6.0,10.0,8.0,8.0,6.0,8.0,8.0,11.0,10.0,6.0,6.0,6.0,7.0,8.0,6.0
58,6,4,4,4,4,6,4,4,4,4,4,4,4,4,4,4,4,4,4,4,4,4,4,4,4,4,4,5,4,4,4,4,4,4,4,4,4,4,4,4,4,4,4,4,4,4,4,6,4,4,4,4,4,4,4,4,4,4,4,4,4,6,4,4,4,4,4,4,4,4,4,4,4,4,4,4,4,7,4,4,4,6,4,4,4,4,7,4,6,6,4,4,4,4,4,4,4,4,4,4,6.0,6.0,6.0,6.0,7.0,6.0,6.0,6.0,6.0,6.0,6.0,6.0,6.0,6.0,6.0,6.0,6.0,6.0,6.0,6.0,6.0,6.0,6.0,6.0,8.0,6.0,6.0,6.0,8.0,6.0,6.0,8.0,6.0,6.0,6.0,6.0,6.0,6.0,6.0,9.0,6.0,6.0,6.0,6.0,6.0,6.0,6.0,6.0,6.0,6.0,6.0,6.0,6.0,6.0,6.0,6.0,6.0,7.0,6.0,8.0,8.0,6.0,8.0,6.0,6.0,6.0,6.0,6.0,6.0,8.0,6.0,8.0,6.0,6.0,6.0,6.0,6.0,6.0,8.0,8.0,6.0,6.0,6.0,6.0,6.0,6.0,7.0,6.0,6.0,6.0,8.0,6.0,6.0,6.0,6.0,6.0,6.0,6.0,6.0,6.0,5.0,5.0,5.0,5.0,5.0,5.0,7.0,5.0,5.0,5.0,5.0,5.0,5.0,5.0,5.0,5.0,5.0,8.0,5.0,5.0,5.0,5.0,5.0,5.0,5.0,5.0,5.0,5.0,5.0,5.0,5.0,5.0,5.0,5.0,5.0,5.0,5.0,6.0,5.0,5.0,5.0,8.0,5.0,7.0,5.0,5.0,7.0,8.0,5.0,7.0,5.0,5.0,5.0,5.0,5.0,5.0,5.0,5.0,5.0,5.0,5.0,5.0,5.0,5.0,7.0,5.0,5.0,5.0,8.0,5.0,5.0,5.0,5.0,5.0,5.0,7.0,5.0,5.0,5.0,5.0,5.0,5.0,5.0,5.0,5.0,5.0,5.0,5.0,5.0,5.0,5.0,5.0,5.0,5.0,5.0,5.0,5.0,5.0,5.0,5.0,5.0,5.0,5.0,5.0,5.0,5.0,5.0,5.0,5.0,5.0,5.0,5.0,7.0,7.0,5.0,5.0,5.0,5.0,5.0,5.0,5.0,5.0,7.0,5.0,5.0,5.0,5.0,5.0,5.0,5.0,5.0,5.0,5.0,7.0,5.0,5.0,5.0,5.0,5.0,5.0,5.0,5.0,5.0,5.0,5.0,5.0,5.0,6.0,5.0,5.0,5.0,5.0,5.0,5.0,5.0,7.0,7.0,5.0,5.0,5.0,5.0,7.0,7.0,5.0,5.0,7.0,5.0,7.0,7.0,5.0,7.0,5.0,8.0,7.0,5.0,5.0,5.0,7.0,5.0,5.0,5.0,5.0,7.0,5.0,5.0,5.0,5.0,7.0,7.0,5.0,5.0,7.0,5.0,5.0,7.0,5.0,5.0,7.0,5.0,5.0,6.0,6.0,6.0,6.0,6.0,6.0,6.0,6.0,6.0,6.0,6.0,6.0,6.0,6.0,6.0,6.0,6.0,6.0,6.0,6.0,6.0,6.0,6.0,6.0,10.0,6.0,6.0,10.0,6.0,8.0,8.0,7.0,10.0,6.0,11.0,6.0,8.0,6.0,6.0,8.0,6.0,6.0,6.0,6.0,8.0,8.0,6.0,6.0,6.0,10.0,6.0,7.0,6.0,6.0,6.0,8.0,6.0,6.0,6.0,8.0,8.0,6.0,6.0,6.0,6.0,6.0,6.0,6.0,6.0,6.0,6.0,6.0,8.0,6.0,6.0,6.0,6.0,6.0,6.0,6.0,6.0,6.0,6.0,6.0,8.0,6.0,6.0,6.0,7.0,6.0,6.0,8.0,6.0,6.0,6.0,6.0,6.0,6.0,9.0,6.0
78,6,6,4,4,4,4,6,4,4,4,4,4,6,6,4,4,4,4,4,4,4,5,4,4,4,4,6,4,4,4,4,4,6,4,4,4,4,6,6,4,4,4,4,4,6,4,4,8,4,8,6,4,4,4,4,4,4,4,4,4,4,4,4,4,4,4,4,4,6,4,4,4,4,4,4,6,4,4,4,4,4,4,4,4,4,4,4,4,6,4,4,4,6,4,4,4,6,4,6,4,,,,,,,,,,,,,,,,,,,,,,,,,,,,,,,,,,,,,,,,,,,,,,,,,,,,,,,,,,,,,,,,,,,,,,,,,,,,,,,,,,,,,,,,,,,,,,,,,,,,,,,,,,,,,,,,,,,,,,,,,,,,,,,,,,,,,,,,,,,,,,,,,,,,,,,,,,,,,,,,,,,,,,,,,,,,,,,,,,,,,,,,,,,,,,,,,,,,,,,,,,,,,,,,,,,,,,,,,,,,,,,,,,,,,,,,,,,,,,,,,,,,,,,,,,,,,,,,,,,,,,,,,,,,,,,,,,,,,,,,,,,,,,,,,,,,,,,,,,,,,,,,,,,,,,,,,,,,,,,,,,,,,,,,,,,,,,,,,,,,,,,,,,,,,,,,,,,,,,,,,,,,,,,,,,,,,,,,,,,,,,,,,,,,,,,,,,,,,,,,
55,4,4,6,4,4,4,4,4,4,4,4,4,4,4,6,4,4,4,4,4,7,6,4,4,4,4,4,4,6,4,4,4,4,4,4,4,4,4,4,4,6,6,4,4,4,6,4,4,4,4,6,4,4,4,4,4,4,4,4,6,4,4,4,4,4,4,4,4,4,4,4,4,4,4,6,4,4,4,4,4,6,4,4,6,4,6,4,6,4,4,4,4,4,4,6,4,4,4,4,4,7.0,7.0,7.0,7.0,7.0,7.0,7.0,7.0,7.0,7.0,7.0,7.0,7.0,7.0,9.0,7.0,7.0,7.0,7.0,7.0,7.0,7.0,7.0,11.0,7.0,7.0,7.0,9.0,10.0,7.0,7.0,7.0,7.0,7.0,7.0,7.0,7.0,9.0,7.0,7.0,7.0,7.0,11.0,7.0,7.0,11.0,10.0,7.0,7.0,7.0,9.0,7.0,9.0,7.0,7.0,7.0,7.0,9.0,7.0,7.0,7.0,7.0,7.0,7.0,7.0,7.0,10.0,7.0,7.0,7.0,7.0,7.0,7.0,11.0,7.0,7.0,10.0,7.0,7.0,7.0,7.0,7.0,7.0,7.0,7.0,9.0,7.0,8.0,7.0,9.0,9.0,7.0,7.0,7.0,7.0,7.0,9.0,7.0,9.0,7.0,5.0,7.0,5.0,5.0,5.0,7.0,5.0,5.0,5.0,7.0,5.0,5.0,5.0,5.0,5.0,5.0,5.0,5.0,5.0,5.0,5.0,5.0,7.0,5.0,5.0,5.0,5.0,5.0,5.0,5.0,5.0,5.0,7.0,5.0,5.0,5.0,5.0,5.0,5.0,7.0,5.0,5.0,5.0,5.0,5.0,5.0,5.0,7.0,5.0,5.0,5.0,5.0,5.0,5.0,5.0,5.0,5.0,7.0,5.0,5.0,5.0,5.0,5.0,5.0,5.0,5.0,7.0,5.0,5.0,5.0,5.0,5.0,5.0,5.0,8.0,5.0,6.0,5.0,5.0,5.0,5.0,5.0,6.0,7.0,6.0,5.0,5.0,5.0,5.0,5.0,5.0,5.0,5.0,7.0,5.0,5.0,5.0,5.0,7.0,5.0,5.0,5.0,5.0,5.0,7.0,7.0,5.0,5.0,5.0,5.0,5.0,7.0,5.0,5.0,5.0,5.0,5.0,5.0,5.0,7.0,5.0,5.0,5.0,5.0,5.0,5.0,5.0,7.0,5.0,5.0,5.0,5.0,5.0,5.0,7.0,5.0,7.0,5.0,5.0,5.0,8.0,5.0,5.0,5.0,8.0,8.0,5.0,8.0,5.0,5.0,5.0,5.0,7.0,5.0,5.0,5.0,5.0,10.0,5.0,5.0,5.0,5.0,5.0,5.0,5.0,7.0,7.0,5.0,5.0,5.0,5.0,5.0,5.0,7.0,5.0,5.0,5.0,5.0,7.0,5.0,7.0,5.0,5.0,5.0,5.0,5.0,5.0,5.0,5.0,5.0,5.0,5.0,5.0,5.0,5.0,5.0,5.0,5.0,5.0,5.0,6.0,6.0,6.0,6.0,6.0,6.0,6.0,8.0,6.0,6.0,6.0,6.0,6.0,6.0,6.0,6.0,6.0,6.0,8.0,6.0,9.0,7.0,6.0,6.0,7.0,6.0,6.0,6.0,13.0,6.0,6.0,6.0,6.0,6.0,6.0,10.0,9.0,6.0,6.0,6.0,6.0,6.0,6.0,6.0,6.0,6.0,6.0,8.0,6.0,6.0,6.0,6.0,6.0,6.0,6.0,6.0,6.0,6.0,6.0,6.0,6.0,6.0,6.0,6.0,8.0,9.0,6.0,6.0,6.0,8.0,6.0,6.0,6.0,9.0,6.0,6.0,6.0,10.0,8.0,6.0,6.0,8.0,6.0,6.0,8.0,6.0,6.0,6.0,6.0,6.0,6.0,6.0,6.0,6.0,8.0,6.0,6.0,8.0,11.0,8.0
75,4,4,8,4,4,4,4,4,4,4,4,6,4,4,4,4,4,4,6,4,4,4,8,4,6,4,6,4,4,4,4,4,4,4,5,4,4,6,4,6,4,4,4,4,4,4,4,4,4,4,4,4,4,4,6,4,4,4,4,4,4,4,4,4,4,4,4,4,4,4,4,4,4,4,6,6,4,4,4,4,4,4,4,4,4,6,4,6,4,4,4,4,4,4,4,4,4,4,6,4,,,,,,,,,,,,,,,,,,,,,,,,,,,,,,,,,,,,,,,,,,,,,,,,,,,,,,,,,,,,,,,,,,,,,,,,,,,,,,,,,,,,,,,,,,,,,,,,,,,,,5.0,5.0,5.0,5.0,7.0,5.0,6.0,5.0,5.0,5.0,5.0,5.0,5.0,7.0,5.0,6.0,5.0,5.0,5.0,5.0,5.0,5.0,5.0,5.0,5.0,5.0,5.0,5.0,5.0,5.0,5.0,5.0,5.0,5.0,7.0,5.0,5.0,5.0,5.0,5.0,5.0,5.0,5.0,5.0,5.0,5.0,5.0,5.0,7.0,5.0,5.0,5.0,5.0,5.0,5.0,7.0,5.0,5.0,5.0,5.0,5.0,5.0,5.0,5.0,5.0,5.0,5.0,5.0,5.0,5.0,7.0,5.0,5.0,5.0,5.0,5.0,6.0,5.0,5.0,5.0,5.0,5.0,5.0,5.0,5.0,6.0,5.0,5.0,5.0,5.0,5.0,5.0,5.0,5.0,5.0,5.0,5.0,5.0,5.0,5.0,6.0,5.0,5.0,5.0,7.0,5.0,5.0,5.0,5.0,5.0,7.0,5.0,7.0,5.0,7.0,5.0,5.0,7.0,7.0,5.0,5.0,6.0,5.0,5.0,5.0,5.0,5.0,5.0,6.0,5.0,5.0,7.0,5.0,5.0,5.0,5.0,5.0,5.0,5.0,6.0,5.0,5.0,5.0,5.0,5.0,7.0,5.0,5.0,5.0,5.0,6.0,5.0,7.0,5.0,6.0,5.0,5.0,5.0,7.0,5.0,5.0,5.0,5.0,5.0,5.0,5.0,7.0,5.0,5.0,5.0,5.0,5.0,5.0,5.0,5.0,5.0,5.0,5.0,5.0,5.0,5.0,5.0,5.0,5.0,5.0,5.0,5.0,6.0,5.0,5.0,5.0,5.0,5.0,5.0,5.0,5.0,5.0,5.0,5.0,7.0,,,,,,,,,,,,,,,,,,,,,,,,,,,,,,,,,,,,,,,,,,,,,,,,,,,,,,,,,,,,,,,,,,,,,,,,,,,,,,,,,,,,,,,,,,,,,,,,,,,,
61,4,4,4,4,4,4,4,4,4,6,6,4,4,4,4,4,4,6,6,4,4,4,4,4,6,6,4,4,4,4,4,4,4,4,4,4,4,4,4,4,4,4,4,4,6,4,4,4,6,4,4,4,4,4,4,4,4,4,4,4,4,4,4,4,4,4,4,4,4,6,4,4,4,4,4,4,4,4,4,6,4,6,4,7,12,4,4,4,6,4,4,4,4,4,4,4,4,4,4,4,,,,,,,,,,,,,,,,,,,,,,,,,,,,,,,,,,,,,,,,,,,,,,,,,,,,,,,,,,,,,,,,,,,,,,,,,,,,,,,,,,,,,,,,,,,,,,,,,,,,,5.0,5.0,5.0,5.0,5.0,5.0,5.0,5.0,5.0,5.0,5.0,5.0,5.0,5.0,7.0,5.0,5.0,5.0,5.0,5.0,5.0,5.0,8.0,5.0,5.0,5.0,5.0,5.0,5.0,7.0,5.0,7.0,7.0,5.0,5.0,5.0,5.0,5.0,5.0,5.0,5.0,5.0,5.0,5.0,5.0,5.0,5.0,5.0,5.0,5.0,5.0,5.0,5.0,5.0,5.0,5.0,5.0,5.0,5.0,7.0,5.0,5.0,5.0,5.0,10.0,5.0,5.0,7.0,6.0,5.0,5.0,5.0,5.0,7.0,7.0,5.0,5.0,7.0,5.0,5.0,7.0,5.0,5.0,7.0,5.0,5.0,5.0,7.0,7.0,5.0,5.0,7.0,5.0,5.0,5.0,5.0,5.0,5.0,5.0,5.0,5.0,5.0,5.0,5.0,5.0,5.0,8.0,5.0,6.0,5.0,5.0,5.0,5.0,5.0,5.0,5.0,5.0,5.0,5.0,7.0,5.0,5.0,5.0,5.0,5.0,5.0,5.0,5.0,5.0,5.0,5.0,5.0,5.0,5.0,5.0,5.0,5.0,5.0,5.0,5.0,7.0,5.0,6.0,5.0,5.0,5.0,5.0,5.0,5.0,5.0,5.0,5.0,7.0,5.0,6.0,5.0,5.0,5.0,5.0,5.0,9.0,5.0,5.0,5.0,5.0,5.0,5.0,5.0,6.0,5.0,5.0,5.0,5.0,5.0,5.0,5.0,5.0,5.0,5.0,5.0,5.0,7.0,5.0,5.0,5.0,5.0,5.0,5.0,7.0,6.0,5.0,5.0,5.0,5.0,5.0,5.0,5.0,5.0,5.0,5.0,6.0,6.0,6.0,8.0,6.0,6.0,6.0,6.0,6.0,6.0,6.0,6.0,6.0,6.0,8.0,6.0,6.0,8.0,6.0,6.0,6.0,10.0,6.0,6.0,6.0,6.0,6.0,6.0,8.0,6.0,6.0,8.0,6.0,6.0,8.0,6.0,6.0,6.0,10.0,6.0,6.0,6.0,6.0,6.0,6.0,6.0,6.0,6.0,6.0,6.0,6.0,6.0,6.0,6.0,6.0,6.0,6.0,8.0,6.0,6.0,6.0,6.0,6.0,6.0,6.0,6.0,6.0,6.0,10.0,9.0,6.0,6.0,8.0,6.0,6.0,6.0,6.0,6.0,6.0,6.0,6.0,6.0,6.0,6.0,6.0,6.0,8.0,6.0,6.0,6.0,6.0,6.0,8.0,6.0,6.0,6.0,6.0,6.0,6.0,6.0
85,4,4,4,4,4,4,4,4,4,6,4,4,4,4,4,6,4,4,6,4,4,4,4,4,4,4,4,4,4,4,4,4,4,6,4,4,4,4,4,4,4,6,4,4,5,4,6,4,4,4,4,4,4,4,4,4,4,4,4,4,4,10,4,4,4,4,4,4,4,4,4,4,4,4,4,4,4,6,4,6,4,4,4,4,4,4,4,4,4,4,4,4,4,6,4,4,4,4,4,4,,,,,,,,,,,,,,,,,,,,,,,,,,,,,,,,,,,,,,,,,,,,,,,,,,,,,,,,,,,,,,,,,,,,,,,,,,,,,,,,,,,,,,,,,,,,,,,,,,,,,,,,,,,,,,,,,,,,,,,,,,,,,,,,,,,,,,,,,,,,,,,,,,,,,,,,,,,,,,,,,,,,,,,,,,,,,,,,,,,,,,,,,,,,,,,,,,,,,,,,,,,,,,,,,,,,,,,,,,,,,,,,,,,,,,,,,,,,,,,,,,,,,,,,,,,,,,,,,,,,,,,,,,,,,,,,,,,,,,,,,,,,,,,,,,,,,,,,,,,,,,,,,,,,,,,,,,,,,,,,,,,,,,,,,,,,,,,,,,,,,,,,,,,,,,,,,,,,,,,,,,,,,,,,,,,,,,,,,,,,,,,,,,,,,,,,,,,,,,,,
76,4,5,4,4,4,4,4,4,4,4,4,4,4,4,4,6,4,4,4,4,4,4,4,4,4,4,4,4,4,4,6,6,6,4,6,4,4,4,4,4,4,4,4,4,4,4,4,4,4,10,4,4,6,4,4,6,4,4,4,4,4,4,6,6,4,4,4,4,4,4,4,4,4,4,6,4,4,4,4,4,4,4,4,4,4,4,4,4,7,4,4,8,4,4,4,4,4,4,4,4,,,,,,,,,,,,,,,,,,,,,,,,,,,,,,,,,,,,,,,,,,,,,,,,,,,,,,,,,,,,,,,,,,,,,,,,,,,,,,,,,,,,,,,,,,,,,,,,,,,,,,,,,,,,,,,,,,,,,,,,,,,,,,,,,,,,,,,,,,,,,,,,,,,,,,,,,,,,,,,,,,,,,,,,,,,,,,,,,,,,,,,,,,,,,,,,,,,,,,,,,5.0,5.0,5.0,5.0,5.0,9.0,5.0,5.0,5.0,5.0,5.0,5.0,5.0,5.0,5.0,5.0,5.0,5.0,7.0,5.0,9.0,5.0,6.0,5.0,5.0,5.0,7.0,5.0,5.0,7.0,5.0,5.0,5.0,5.0,5.0,5.0,5.0,5.0,5.0,5.0,5.0,5.0,5.0,8.0,5.0,5.0,5.0,5.0,5.0,5.0,7.0,5.0,5.0,5.0,5.0,7.0,5.0,5.0,5.0,7.0,8.0,5.0,5.0,7.0,7.0,5.0,6.0,5.0,7.0,5.0,5.0,5.0,7.0,5.0,5.0,5.0,5.0,6.0,5.0,5.0,5.0,5.0,5.0,5.0,5.0,5.0,5.0,7.0,9.0,5.0,5.0,5.0,5.0,5.0,5.0,5.0,5.0,5.0,5.0,8.0,,,,,,,,,,,,,,,,,,,,,,,,,,,,,,,,,,,,,,,,,,,,,,,,,,,,,,,,,,,,,,,,,,,,,,,,,,,,,,,,,,,,,,,,,,,,,,,,,,,,
56,4,4,4,4,4,4,4,4,4,4,6,4,4,4,4,7,4,4,4,4,4,8,4,4,4,4,4,4,4,4,4,4,4,4,4,4,4,4,4,6,4,4,6,7,4,6,4,4,4,4,6,6,4,7,4,4,4,4,4,4,4,4,4,4,4,4,4,4,4,4,6,4,4,4,4,4,4,4,4,4,4,4,4,8,4,4,6,4,6,4,4,4,4,6,4,4,4,4,4,4,6.0,8.0,8.0,6.0,6.0,6.0,6.0,6.0,6.0,6.0,6.0,6.0,6.0,6.0,6.0,8.0,6.0,6.0,10.0,8.0,6.0,6.0,6.0,6.0,6.0,6.0,6.0,6.0,6.0,6.0,6.0,6.0,6.0,6.0,8.0,7.0,6.0,6.0,6.0,6.0,6.0,6.0,6.0,6.0,6.0,6.0,6.0,6.0,6.0,6.0,6.0,6.0,6.0,6.0,6.0,6.0,6.0,8.0,6.0,6.0,6.0,6.0,6.0,8.0,8.0,8.0,6.0,6.0,6.0,6.0,6.0,6.0,6.0,10.0,9.0,6.0,6.0,10.0,6.0,6.0,6.0,6.0,6.0,8.0,6.0,6.0,6.0,6.0,6.0,6.0,6.0,6.0,6.0,6.0,8.0,6.0,6.0,9.0,6.0,8.0,5.0,5.0,5.0,7.0,5.0,5.0,5.0,5.0,5.0,5.0,5.0,7.0,5.0,5.0,5.0,5.0,5.0,5.0,5.0,5.0,5.0,7.0,5.0,5.0,5.0,5.0,5.0,5.0,6.0,7.0,5.0,5.0,5.0,6.0,5.0,7.0,5.0,5.0,5.0,5.0,5.0,7.0,9.0,8.0,5.0,5.0,5.0,5.0,7.0,5.0,5.0,5.0,5.0,5.0,5.0,5.0,5.0,5.0,7.0,5.0,5.0,9.0,5.0,5.0,5.0,5.0,5.0,5.0,5.0,5.0,7.0,5.0,5.0,7.0,5.0,5.0,7.0,5.0,5.0,5.0,5.0,5.0,5.0,5.0,5.0,5.0,5.0,5.0,5.0,5.0,5.0,5.0,5.0,5.0,5.0,5.0,5.0,5.0,5.0,5.0,5.0,5.0,5.0,5.0,5.0,10.0,8.0,5.0,7.0,5.0,6.0,5.0,5.0,5.0,6.0,7.0,5.0,5.0,5.0,5.0,5.0,5.0,5.0,5.0,5.0,5.0,5.0,7.0,5.0,5.0,5.0,5.0,5.0,8.0,5.0,8.0,5.0,5.0,5.0,5.0,5.0,5.0,5.0,5.0,5.0,5.0,5.0,5.0,5.0,5.0,5.0,5.0,5.0,5.0,5.0,5.0,5.0,10.0,5.0,5.0,5.0,5.0,5.0,5.0,5.0,7.0,5.0,5.0,5.0,5.0,5.0,5.0,5.0,5.0,5.0,5.0,5.0,5.0,7.0,5.0,5.0,5.0,5.0,7.0,5.0,5.0,5.0,5.0,5.0,5.0,5.0,5.0,5.0,7.0,5.0,5.0,5.0,5.0,5.0,7.0,6.0,6.0,6.0,6.0,6.0,6.0,8.0,6.0,6.0,6.0,7.0,6.0,6.0,6.0,6.0,6.0,6.0,6.0,6.0,6.0,6.0,6.0,8.0,6.0,10.0,6.0,6.0,8.0,6.0,6.0,6.0,8.0,6.0,9.0,8.0,8.0,6.0,7.0,6.0,6.0,6.0,6.0,6.0,6.0,6.0,8.0,8.0,6.0,6.0,6.0,6.0,8.0,6.0,6.0,6.0,6.0,6.0,8.0,6.0,12.0,6.0,8.0,6.0,6.0,6.0,8.0,6.0,6.0,6.0,6.0,8.0,6.0,6.0,8.0,8.0,6.0,6.0,6.0,6.0,6.0,6.0,6.0,6.0,6.0,6.0,6.0,10.0,6.0,6.0,6.0,6.0,6.0,6.0,10.0,7.0,6.0,6.0,8.0,6.0,6.0
